ch_0,ch_1,ch_2,ch_3,ch_4
-2.4982,-2.487,-2.5565,-2.1306,-2.5623
0.54125,-0.83375,-1.853,-1.9248,-3.2403
2.3093,0.47534,-1.9844,1.6038,3.451
3.3937,0.032304,3.5028,1.8865,1.0291
1.8597,-0.212,-0.19769,0.69504,2.156
1.7637,-2.6928,-1.9959,0.25264,0.94108
2.4475,-2.954,1.3718,-0.62095,0.43824
3.6669,0.52008,1.2901,2.9294,1.0644
-5.4948,-4.6989,-6.0477,-5.5962,-6.4937
-0.42235,-0.95333,-0.83041,0.33494,-0.084692
0.54048,-0.90499,0.93176,1.6593,1.8382
3.0261,5.0505,4.7629,2.735,3.7962
3.6618,1.2918,-1.3104,0.79104,-0.45041
-3.439,-2.8157,-3.0182,-0.2239,-4.7695
-3.0365,-0.51655,-1.8648,-0.74541,-1.2547
-0.73868,-0.162,-0.42697,0.56706,0.054179
0.33581,-1.8037,0.47307,-0.083063,1.4984
3.3489,5.6785,3.5619,1.4338,3.9225
-1.5385,-6.2826,-3.0084,-2.6391,0.19508
1.93,0.76456,1.1139,2.6628,-1.0806
-1.274,-1.4744,-2.8146,-1.1489,-3.515
1.4889,0.7466,0.99791,2.0248,1.2171
-3.5533,-2.7717,-2.8283,-1.2147,-0.75301
2.2526,1.5281,-0.95719,-2.8788,2.6894
0.92671,-1.5905,1.9424,1.8824,0.72335
-1.6345,-0.46799,-4.0539,-3.0323,-3.7123
-3.06,5.0665,0.91445,-1.1128,2.2807
-1.8186,-0.90937,-0.51531,1.2244,-1.1042
2.5137,2.8628,0.4473,1.6763,4.026
2.303,1.7259,4.768,3.16,1.1587
-3.3567,1.3952,-2.6878,-2.3831,-0.924
1.5222,-2.766,3.7662,-0.33471,-1.9862
3.0865,3.7528,4.9147,-0.24964,4.5187
3.6408,-1.2723,2.1017,1.3493,1.5522
-0.45737,2.71,1.4918,-0.94238,1.2253
-3.2009,-2.7789,-0.54664,-3.2779,-5.6485
4.6524,3.0869,2.2375,1.8434,3.5779
-0.85775,-1.5573,-0.63421,0.054752,1.3712
-1.341,-1.3799,-0.85567,-3.5919,-0.68021
0.24436,-0.9308,3.1245,2.1711,3.7056
0.52702,-2.8298,-3.676,2.4202,-1.8467
3.0081,1.0413,0.34249,4.1179,-0.5369
1.909,0.93869,0.66765,2.3175,-0.17737
-0.13922,-1.9556,1.1247,0.90012,1.1076
-3.1972,-1.0273,-0.96729,-2.3658,-1.7836
0.63959,-0.68171,1.5042,1.4822,-4.1368
-1.8655,0.40128,-2.0156,-1.9972,-1.237
1.7124,0.23646,-3.2891,-2.1452,-3.3854
1.653,1.3199,-2.0739,-2.8166,-0.35747
2.4706,0.35053,-2.4657,-2.3218,-1.1668
-0.19696,0.10388,4.5499,2.7641,3.1494
0.45813,-0.033758,1.1589,3.5284,3.9004
0.41095,-1.1451,1.5621,3.4787,3.3293
1.6991,-0.28161,-0.89501,-0.69166,-0.60134
-2.9568,1.6261,1.8996,0.21695,-1.6654
0.072463,-1.9745,1.2981,-0.54872,-1.0323
2.1028,-1.3448,2.3402,0.71713,2.4825
-1.1011,2.2518,0.59763,0.15623,3.0914
-0.89474,-2.3332,0.42675,0.39931,0.32383
1.7606,-0.16889,0.28601,2.1397,-0.61464
2.7513,-1.0611,2.6842,1.5629,-0.49273
-2.9525,-2.0853,-0.4003,-0.78536,-4.2348
-1.2774,1.4105,-5.4706,2.0094,-0.41544
-0.36354,-0.10579,-0.15895,1.6039,2.1046
-5.2948,-1.9857,-4.9301,-3.8808,-4.6287
-1.2497,2.5181,1.4599,0.32796,-2.2834
2.5124,2.3629,3.9899,2.2064,1.4117
4.563,1.2858,4.9254,4.5087,1.3171
-1.0635,-1.1598,-3.5725,-2.8371,0.7291
0.23664,-0.044408,-1.3166,-1.6346,-2.0282
-2.9276,-0.77216,-2.271,-1.2288,-1.4116
-0.86073,-0.3971,-0.67453,-1.2686,-2.4239
4.6457,2.5568,0.44455,0.65545,4.9293
-0.055647,2.3343,2.8257,1.1096,1.969
1.2112,-0.13956,-3.6425,1.0981,-1.3138
-1.1521,-3.8445,3.0466,0.21236,-0.63867
-0.85892,1.4452,-1.7891,1.761,-0.38963
1.5583,1.1227,-0.63118,-2.1155,-5.8338
-2.9387,-2.4098,-1.9064,-2.9246,-3.4328
1.9816,1.245,2.1748,0.31437,2.3457
-4.1358,-2.129,-3.2845,-2.869,-6.9634
-0.69718,0.72376,-3.1666,-2.3205,-1.5575
-0.27597,0.90948,1.5941,0.52282,1.742
5.4963,1.7387,2.2751,1.5004,-1.1733
1.8323,-0.21212,-0.336,-0.40582,0.0085467
-1.1812,-0.35622,1.5907,0.1948,-1.3889
-3.211,-2.8645,-4.6363,-2.8744,-1.4692
0.98005,4.2128,0.99998,-0.91756,0.094595
1.301,-1.3516,5.0386,1.465,0.35263
-3.0075,-2.3524,-0.9967,1.4387,2.6368
3.9727,2.5875,2.956,1.9618,2.7772
0.31379,0.50845,-2.472,-3.4701,-1.9091
-0.8799,-0.018174,-3.0092,-0.87054,-3.6849
3.356,0.23039,-0.48448,2.9844,-0.35
-0.94877,-1.8874,0.066043,1.4906,-2.6258
-0.93322,-0.67128,-1.4698,-1.9045,3.0555
1.7472,1.0263,0.47668,-1.0843,0.66587
-1.6907,-0.66256,-4.1987,-3.0139,-4.3054
1.8102,2.4465,-1.1845,-0.98403,3.063
-1.8424,-2.3161,-4.8833,-1.403,-3.4435
2.8715,4.7994,4.1357,1.0796,4.2696
0.88659,-1.4882,-0.90963,0.021391,-1.2378
0.72575,-0.1425,1.325,-1.3093,2.1999
0.46135,-0.85918,-1.6747,-2.7093,-0.7999
-0.39123,-0.44738,-1.3209,3.8115,4.1097
-3.4337,0.95781,-2.0033,0.29052,-4.4025
-3.3848,-1.2648,-2.0461,-4.5519,-3.6931
3.4554,0.2352,2.0689,-0.21677,0.63711
-2.0847,1.6648,-2.8918,2.2195,2.4931
2.9201,-0.20989,0.79525,0.63799,3.9
2.2931,1.3674,3.3317,4.2355,2.8407
-3.1162,-4.5206,-4.0477,-0.5533,-5.569
1.6151,1.8602,0.10056,1.9648,-3.5218
-1.1687,-1.5805,-0.65392,-0.52649,2.0932
1.2071,2.4126,-0.65664,-0.41109,-0.77851
3.2584,1.6962,1.4601,5.6469,3.8642
1.8491,-0.65848,-0.66621,-1.6583,-0.86324
2.4753,3.4866,5.2306,4.0032,5.6433
-1.8117,-0.49641,1.6367,2.6823,1.2843
1.6724,0.26632,-2.8856,-2.3096,0.91592
-2.5611,-0.66027,-1.8521,0.13198,1.1409
-0.87613,1.6192,-1.2705,-4.2497,-3.2649
-2.1065,-0.41978,-2.83,-4.0446,-6.7293
0.12889,0.46497,-0.3578,2.8621,1.5376
-1.8872,0.5083,-1.807,1.0125,-0.43226
3.1578,1.6457,1.9512,-0.12164,3.0146
0.42354,1.4947,1.772,0.72439,1.465
0.98817,1.1079,-0.043039,1.301,1.4295
-2.5486,-2.7917,-3.1085,-0.51914,-3.6933
-1.5443,2.5525,1.8415,0.95907,2.2738
-1.9079,-0.82293,-2.1312,-3.2357,-3.4088
-1.7272,-0.99621,-0.1848,-3.918,-2.6705
2.8104,0.74676,-1.9808,-1.6588,-2.2291
1.182,2.2352,-1.7379,-1.5825,0.51647
-0.46826,-0.51454,-1.5234,-3.7943,-1.1432
1.5797,0.25096,1.8815,1.2748,4.0092
1.6207,1.5052,3.6452,3.6375,0.82536
-0.57581,-0.40164,-0.83225,2.8478,1.598
5.3142,0.57884,2.8695,-0.79608,2.6064
3.8363,0.14866,3.4927,0.53067,2.7779
-0.72215,-0.66085,-8.2028,-3.9017,-6.1124
1.3767,4.6661,3.116,1.9251,3.7144
-3.7504,-1.9526,-4.8083,-4.5171,-4.044
-4.6738,-2.5637,-3.7182,-4.6937,-3.4501
-2.0947,-1.3738,-0.76293,-2.7688,0.99852
2.2556,5.0484,4.353,1.5434,3.2605
-1.327,-3.3392,-3.1326,-3.1856,-5.1613
4.5579,2.6479,0.63338,-0.30529,3.5035
0.16076,-1.8563,0.86397,2.7039,0.38742
-5.6747,-2.4663,0.00027462,-0.71915,-1.255
-1.4128,-3.8706,-4.65,-2.3439,-2.9801
-1.3443,-2.0997,-1.2403,0.054964,-0.74117
1.8625,2.9425,2.8743,-0.018451,-0.18654
-1.8966,0.56182,0.30303,-1.3693,1.3209
1.3943,-0.58206,2.66,3.27,1.1987
0.91357,3.5301,3.3946,1.7934,-0.28322
-2.2496,-1.8852,-0.97582,-0.17527,-0.10364
1.0425,2.5438,2.7661,-0.77794,3.8348
-2.9182,0.27012,-4.5421,-4.7353,-3.468
0.14701,0.87328,0.20331,-1.5662,0.22907
-0.063371,0.35152,-0.65972,0.10826,2.0702
0.61224,3.2774,0.0020171,0.66331,-0.85732
-1.5064,-0.55874,-1.8402,-2.1797,-8.0854
-2.7876,-2.3543,-1.8166,-2.7672,-1.9111
5.3923,0.31971,3.0289,1.3183,3.2656
1.3505,3.0809,-0.75557,3.2883,3.8254
-3.4946,-5.1079,-2.0037,-2.2723,-2.4687
-3.3414,-2.0615,-2.2946,-2.0358,-0.39826
-3.5191,0.33453,1.1477,-1.0004,-1.7873
0.33224,-1.3279,-0.43225,-1.7802,-1.5547
1.626,6.0024,-0.96178,1.2954,4.186
0.46838,-4.4856,-2.221,1.7361,-1.6425
-2.6396,-3.7681,-4.9619,-5.174,-4.9777
-0.42692,1.4498,2.3545,4.4168,2.5353
-0.42197,-0.11966,-1.2707,-2.7566,-0.90658
-1.0236,-0.30972,-1.9902,-0.81975,-0.25665
-2.3695,-4.3507,-1.7438,-1.008,-2.2454
0.22666,-2.3461,-0.73225,-3.0264,-2.7468
-2.677,-1.9042,-6.0575,-3.1843,-4.7781
2.5734,2.2397,1.219,2.3541,2.4383
1.1257,-0.16886,-2.7468,0.69272,-0.84841
-0.30372,3.053,-1.7533,-1.3042,-1.7358
-0.58372,0.349,-0.88526,-2.0103,1.1542
1.0931,-1.9965,1.15,0.84728,4.1925
-1.1169,1.8957,-0.028195,-3.4466,-2.7768
-5.657,-3.1653,-5.0608,-2.7409,-6.5577
-0.54852,-1.1187,0.31953,-0.22547,-1.6243
3.6406,0.76398,6.8963,3.1227,5.6953
3.3803,3.8583,0.38561,-1.4747,3.8688
2.5065,1.379,3.7245,-0.79221,0.90248
1.4224,-0.61712,-0.48436,0.56437,-2.2154
-2.4862,-2.7723,-4.4582,-5.6548,-5.4912
0.16928,-3.906,-1.6523,0.22835,-5.3962
-0.070763,-0.9802,-3.3794,-3.3083,-5.524
2.4365,0.092424,0.52492,1.2647,0.93535
-3.2912,-1.5649,-2.0239,-3.4245,-5.7086
0.52233,-2.8198,2.1684,0.9693,2.0555
1.3721,1.898,-1.6382,-0.36041,0.09952
-1.9238,2.7074,0.69056,-0.64968,-0.39037
1.4591,1.4661,7.1103,2.8993,0.48022
0.44597,-0.094913,2.3005,-0.060968,3.181
-4.4089,-3.4222,-4.6931,-4.8819,-6.8357
1.5142,0.78316,-3.7323,-0.82781,-2.7656
-2.8317,1.066,-1.7238,-2.7507,-4.4932
0.59728,2.0146,0.11839,3.8766,0.68247
4.0143,0.72179,0.48566,-0.88881,0.93069
3.7482,0.046009,2.3535,1.744,2.8394
6.9187,2.4193,3.7444,0.7584,5.0847
1.9388,0.65256,0.63511,2.1043,3.4765
-1.3233,-0.36355,1.5239,-0.24461,1.433
0.41487,4.0312,3.2009,-0.23027,1.4898
-1.4472,-1.5066,-0.9158,2.3791,0.62355
1.3084,-1.2373,2.5608,2.0383,2.9364
-1.8841,0.55268,-1.506,-2.1488,-3.036
0.8514,-0.13267,-1.0824,1.1072,0.25864
-3.2548,0.65806,-1.094,-2.4263,-2.9685
-1.5148,1.3489,-0.5111,2.5424,-0.49382
-0.89658,-0.91679,-1.8351,-3.0028,0.60435
1.2861,-0.21899,-1.2275,1.1666,-4.5194
2.6234,-1.7288,2.2095,1.6332,-0.52603
-1.6123,-1.2645,-1.91,-2.5445,-1.7406
-4.7326,-2.9134,-2.7158,0.47836,0.25395
-1.206,-3.439,-1.8659,-1.9159,-1.1672
-1.9485,-1.985,-3.8631,-1.7997,-0.35657
0.14507,1.2171,-0.48834,-0.73512,-0.32021
0.75447,1.1332,1.6429,1.1136,1.053
1.1755,1.2701,2.0311,0.1392,1.1253
-1.8259,-0.70238,0.70159,1.1821,1.6231
-0.54935,0.93341,1.4778,1.917,2.9771
-1.0757,0.44727,-1.5108,-1.4799,-1.4388
1.1898,3.2318,1.6073,1.6856,0.50367
-3.9772,-1.3497,-3.7987,-2.0379,-3.8451
0.88446,0.78888,1.7114,1.767,4.1225
2.0255,-4.0908,-1.0892,-3.0523,-1.7852
2.4808,-0.45796,-2.8621,-1.6478,0.50487
0.74206,-3.7927,-0.14072,0.91191,-2.0756
0.078245,-1.8631,0.13427,-3.5081,-4.8146
-4.554,-2.0652,-5.7777,-1.1048,-4.9136
1.8476,2.2124,0.62905,-1.7013,0.2806
2.997,3.549,3.6867,3.7133,2.8552
3.8201,-1.2336,5.145,3.4601,0.1515
2.2721,-2.3231,0.5772,2.5444,2.5514
-1.209,-1.7818,-1.0297,-1.4598,-2.725
1.6325,-0.28744,0.16759,1.9139,-0.35713
4.7767,4.8201,5.9108,4.3595,6.2994
-2.8681,-0.69239,0.041932,1.5096,5.588
-5.7665,-1.392,-4.1829,-4.6874,-6.5942
-2.7924,-3.835,-3.2334,-3.5794,-2.7009
4.9811,1.4197,-0.79865,4.4339,2.5926
5.0971,0.55245,3.3249,-0.12765,2.7176
-0.45732,1.3604,3.3837,0.16361,0.022852
-0.56429,-0.51282,2.3637,2.4985,2.5306
-1.2178,-0.090478,-0.51738,-6.3851,-1.0341
-0.94752,-3.2093,-1.3745,-0.9506,-2.7091
-3.5018,-0.79854,-3.3961,-1.4261,-2.2107
-0.26397,-1.6605,-3.8868,0.47403,-1.7568
3.858,3.6828,-0.35566,2.5062,3.0676
2.0697,1.8364,-0.12339,-0.73323,0.87215
1.0482,-2.1414,0.27308,-2.3465,-2.2083
-0.2578,0.98278,-0.11348,-2.7726,-1.7804
1.8822,-0.32546,0.039974,2.586,1.9312
-0.73615,-2.0664,-3.7087,0.50466,-2.5211
0.44332,2.024,0.052232,0.46105,-0.43397
2.4329,-0.080028,4.5305,1.43,4.3846
-1.3351,-2.2333,2.9502,4.8037,1.4955
1.7378,-1.8653,0.74429,1.7933,1.6384
1.3749,1.6066,3.1506,-0.52537,2.6845
-3.4046,-5.3402,0.011726,1.8637,0.55812
-0.77571,1.0079,-2.7402,-2.1234,-2.1347
-0.6499,-2.2655,1.2678,-0.9508,-0.92657
-1.8694,-0.71135,-6.1409,-3.8102,-4.0224
-1.9773,-0.46576,-5.4922,-3.4831,-1.8031
-1.4545,0.32492,-0.20427,-0.33811,0.78413
0.092393,1.5551,1.0925,-0.44166,-0.74393
0.3284,-0.20588,-0.6448,1.1842,-2.7802
3.894,5.291,5.5499,2.0942,3.8655
-1.6887,-0.3184,0.81098,-1.1784,3.789
-0.053228,4.335,2.2801,1.1296,3.5708
-1.2108,-2.3337,0.43686,-1.0052,-2.288
3.5141,0.2489,3.1931,3.917,1.179
-0.85446,-0.49966,-0.84839,-2.1922,2.0572
-2.9326,-1.3625,-4.998,-4.2924,-3.4207
-2.5097,1.6646,-1.395,-0.42247,-0.18611
8.5758,2.4794,3.7481,1.3527,0.63065
-1.8632,-0.020095,2.0956,-1.2283,-0.073123
1.2425,2.796,5.9727,1.124,-0.75671
-0.2946,1.4169,-0.65525,0.57587,-0.97137
-2.3,0.25432,-4.7272,-0.11747,0.33727
0.90033,-1.9366,-5.1003,-0.047841,-1.5214
-3.6474,-2.5565,-4.3339,-1.3141,-4.4028
-1.8803,0.75421,-1.1872,-2.5558,-4.5142
1.7628,2.2703,0.80891,2.4601,0.51442
1.1999,-0.92598,0.45962,-0.47728,-0.77353
3.1634,5.533,0.43774,1.458,2.078
0.94045,-0.16298,1.8179,2.4175,2.5278
-3.3479,-3.897,-4.0847,-1.9945,-2.9247
5.1879,3.3346,4.6888,3.4158,4.8093
1.4453,-0.63684,2.317,1.0394,1.8108
-2.0653,-0.6364,-0.24498,-1.1087,1.4824
-4.6833,-0.85621,-2.9741,-1.887,-0.081779
1.489,1.7917,1.6086,2.1441,-0.27663
-3.3853,-1.4161,-0.28715,-0.77154,0.12197
1.0791,-1.7617,0.72488,0.763,5.7166
0.9442,0.46808,3.007,1.5062,1.4888
-1.7116,-2.6654,-0.51743,-0.15733,-2.7698
2.663,-0.061713,2.6516,2.7322,4.0931
1.8924,-0.53425,-1.5701,0.93907,-0.46129
4.8628,1.0803,7.5007,4.7743,5.7233
-2.6922,-0.64516,-4.1013,-0.050307,0.49583
-0.11258,0.8518,2.9955,2.3207,3.2856
-0.94103,2.7926,-0.8444,-2.0113,-1.4619
-0.0057902,-2.7265,-1.0884,0.40503,1.461
-0.48011,0.32638,0.49732,-1.0454,-2.1784
-0.23266,-1.1985,-1.5551,-3.4896,-4.8608
1.3125,2.5753,3.3149,-1.497,2.6647
2.2874,2.3854,2.7249,1.8284,3.9863
-1.9871,-3.2352,0.20612,0.74481,-2.8586
0.24798,-2.9717,-3.895,-1.2395,2.8733
0.34462,1.6438,-0.76838,-1.245,-0.86804
2.3046,-0.03226,1.2622,0.8927,1.9458
5.8709,5.0858,4.0153,4.4568,2.7875
2.4684,3.074,3.0378,4.5314,6.3373
-0.45847,-1.5789,0.29154,-1.6903,-1.8996
0.84558,-0.97945,-1.3597,-6.7269,-4.6575
-0.54417,-0.26655,-0.021801,0.12836,-0.91054
-3.0598,-3.7216,-2.9523,0.77304,0.79838
-1.9745,0.72241,0.97019,0.58197,-4.2038
2.8742,0.38153,2.8024,0.57316,3.3834
0.93856,0.38434,1.0512,2.5681,-2.2272
1.6684,1.7842,0.78241,1.8546,1.4744
4.1945,-0.72014,3.3714,2.7425,1.4898
-1.7372,-2.2126,-1.2121,-2.1772,-0.6211
-2.8557,-4.5623,-5.3594,-0.61964,-6.8963
0.26024,-2.3969,0.62976,2.5557,1.793
-1.053,0.89608,-0.55112,-2.6789,-0.93882
0.58317,-2.395,-0.052706,-0.011372,-0.36239
4.2266,-1.0453,1.903,1.158,3.3172
3.2109,2.7991,-0.83929,1.4779,0.020283
1.2494,-0.97192,-0.50956,0.31687,2.7409
2.8201,2.9928,5.7024,0.11305,0.64662
-3.8544,-1.1006,-2.3294,-4.5801,-4.3623
-1.1318,-3.8411,0.09636,2.3471,0.0023533
2.1078,1.6787,0.065503,-1.1414,0.35889
-0.56225,-0.62723,-0.70289,3.2044,2.0953
3.2698,3.2288,1.6181,-0.42747,0.67668
1.6176,3.0469,4.4237,0.32267,3.2845
1.4093,-2.0774,2.0387,-0.55387,0.46612
-0.84127,-3.5483,2.8227,-1.0596,-2.2949
3.6557,-0.5607,-1.4774,-0.39151,0.17299
0.58546,-3.6095,1.9797,4.658,1.1244
-1.2619,-1.1886,-5.5531,-0.21482,1.051
3.0737,5.0565,1.914,3.8681,0.54367
-2.1539,0.75911,0.35516,0.40518,-0.38757
-2.7967,-2.0091,-4.2996,-2.2083,-4.3351
-0.14976,-0.44715,1.5599,-2.6259,-2.2725
-1.3675,-0.24894,-0.19172,-2.5874,-3.9859
-0.7891,0.033751,0.010704,0.7513,2.0357
0.59013,0.83045,3.1333,-3.8514,1.6941
2.3962,-0.82165,1.3869,2.7644,-0.21796
-3.1127,-3.6334,-2.0218,-3.6432,-3.9334
1.7995,1.0014,-0.55908,0.59982,1.4972
0.11451,-0.14701,0.013638,2.9742,3.9638
1.0938,1.8391,2.9486,2.2667,1.9715
0.23508,0.51713,-1.8831,-1.68,-2.2933
-2.8185,-0.59826,-1.0455,0.35801,-1.1598
1.9792,-2.3423,-3.5574,-1.5306,-0.58446
2.7106,1.6309,0.27521,1.5251,1.4691
0.090149,2.8337,-1.4348,1.5657,2.4435
4.1451,1.8519,4.8744,0.6656,-0.67083
-4.1727,-0.23799,-3.3955,-3.7746,-7.7025
-1.4115,-1.2949,0.21747,-2.6446,-3.8204
0.20033,-0.52838,0.41396,-0.18672,3.7066
0.52997,-1.223,-3.5462,-1.2145,-3.8301
-2.0446,-0.57341,0.5769,3.7139,0.94357
-5.1513,-3.949,-3.1054,2.3196,-0.89227
-4.0395,0.87561,-3.1593,-2.3719,-4.3751
-1.9733,-1.246,-3.8788,-3.6606,-5.2584
1.5783,1.6236,-1.0196,-2.5501,2.1706
-0.62982,-1.8687,-1.5442,-1.9105,-2.2179
5.1872,1.108,2.0195,0.4225,2.9881
-0.18289,-0.018695,1.0447,-0.046661,1.1434
-2.6902,-0.88971,-1.2763,-2.4508,-2.8581
1.6933,-0.29313,-2.4748,-0.012215,2.1583
1.2088,-0.83373,0.25878,-0.74738,0.74932
1.3333,2.5976,2.4764,0.77085,0.36161
2.3684,0.24675,5.2464,1.3005,1.6652
0.53638,0.74664,1.4482,1.1774,1.0265
-2.8142,-2.3449,-3.0762,-2.1538,-2.4602
-0.36976,-1.5555,-2.2167,-0.13333,-0.44955
-4.1711,-2.4142,-5.6004,-3.8567,-5.5366
-2.115,-1.4315,-1.2867,-1.1804,-0.21365
0.2551,0.74272,1.8279,6.1308,3.7485
3.357,1.4919,2.0697,-0.073213,-1.117
2.6343,1.0982,1.3091,2.1129,2.9117
1.891,3.0926,1.6609,-1.7945,-2.4774
-0.30129,-0.97611,-0.26259,-1.9645,-3.2612
3.2018,-1.9436,1.3401,-0.0068603,-1.3383
1.6768,0.64991,1.6001,-1.5722,-1.6938
1.4096,-0.21079,-0.81962,-2.1899,0.32199
3.2511,-1.2119,2.3695,0.69199,0.89883
4.62,3.3868,2.6993,0.46643,2.2156
-0.40636,0.053918,0.17481,5.3296,1.0985
0.41154,3.1445,0.40398,1.8958,0.51373
1.3288,0.46346,-2.0292,-0.15855,0.53309
-3.6788,-1.5117,-2.692,-2.3062,-2.5633
-3.1543,-1.6359,0.67126,-0.20323,0.093984
3.6334,1.5036,2.0364,4.927,6.1738
-3.1346,-2.6989,-2.0125,-1.5769,-0.30612
4.2807,1.1312,3.4384,1.7725,-1.1571
-3.1294,-1.5326,-5.8377,-3.2656,-5.4068
2.9785,2.1892,-2.6696,-1.9305,-1.1804
-4.4171,-4.69,-3.2462,-0.11809,-0.90109
1.8759,-0.035686,3.7191,1.0596,4.6887
-0.38444,0.6297,1.4528,3.2658,2.2652
-0.26419,-0.94998,-4.5363,-3.8156,1.1629
1.6082,0.23246,-2.0743,-0.041479,1.0434
-0.49482,-0.64289,-1.6504,-2.4602,-4.7998
1.6942,-1.3655,-1.8622,0.49074,-2.4797
-3.9917,-1.1816,-4.4315,-0.18688,-2.7606
-0.45893,-2.0487,1.171,0.50775,-1.5649
-1.8533,-3.073,-1.2393,0.44993,0.19433
-1.206,-2.2009,-2.1458,1.5617,-0.19704
-4.227,-2.585,2.9483,-0.29583,0.62921
-4.8374,-3.3299,-1.6301,-2.7207,1.8525
-2.5713,-0.38106,-3.5631,2.3114,-1.7837
-0.32623,2.3409,-1.6217,-0.73984,-1.1341
3.5646,4.7873,2.7355,1.3367,3.2328
-0.22903,1.5481,0.27684,-1.3878,-0.16615
-0.30654,1.5777,-2.289,2.2871,0.7363
2.2841,-0.2791,4.776,0.53598,-0.97123
0.83463,-2.0564,3.2318,-1.8121,-2.9695
-2.0295,-0.67085,-5.5018,-6.3454,-3.5499
0.3582,-2.3823,0.9307,-3.1635,2.7688
0.35639,0.39474,-0.40818,-0.028337,-0.43173
-3.2382,2.128,2.6738,1.097,0.49362
2.081,0.22404,2.8755,2.2767,0.29784
-0.33495,2.3089,2.9106,1.9446,-0.20198
-1.56,-2.1695,-3.604,-2.4255,-5.2148
2.3189,0.3627,1.6256,0.44214,-0.93484
-0.98007,-0.97542,-1.0809,-2.4382,0.60057
-0.028455,-1.4882,2.7964,0.78214,2.6764
1.2199,2.6893,-1.2193,-1.5577,0.73449
3.4496,-1.2949,-0.84476,2.3192,2.9397
-1.5742,-3.1039,-4.5362,-4.2515,-0.9972
3.9754,1.3007,4.3651,3.7801,7.3809
1.0371,3.1848,0.60505,0.54898,5.7156
-0.63368,1.8379,0.25571,4.0628,3.3432
4.0105,4.5833,1.831,0.82146,2.1424
2.68,1.1075,3.1462,3.592,0.95504
0.97354,2.6202,1.176,-2.067,-0.48377
3.7977,-1.701,6.5718,3.3331,2.891
1.0328,1.5579,-1.1686,-1.7184,4.0336
-0.92059,-0.12825,-0.30978,1.6928,-1.4368
0.1679,-1.4813,-0.88354,4.3325,2.4159
-0.0094034,2.3533,3.1569,1.3952,0.444
-5.2597,-3.186,-1.8773,-0.64738,-3.0634
-2.708,-1.0865,-3.9129,-3.6241,-3.2595
-1.0718,-1.2108,0.6102,2.9353,2.8104
-0.77789,1.6416,-0.60437,-3.5517,-2.4111
-0.75795,-1.3656,-2.7494,-2.9946,-2.9142
4.4041,2.2212,2.7411,0.20755,0.3914
-1.7138,0.36548,-1.3312,-1.5344,-1.7571
-0.70709,0.21849,-1.6657,0.9042,-0.64462
1.6367,0.57062,4.6569,2.0338,3.8001
0.60734,-0.80043,-1.0746,1.02,0.60299
-1.7933,-1.5013,-0.71435,3.0084,1.9139
-5.8451,-1.4656,-1.5287,-1.5315,-2.8058
1.1309,4.4447,3.1821,0.95014,2.8814
2.9724,-0.14278,1.7165,2.7898,2.0893
0.4862,-0.43647,-0.85773,1.0937,1.1526
1.0832,-2.1236,-1.8447,0.75093,-1.9068
-1.6214,-0.6821,-0.88288,-0.21853,2.4096
0.64348,2.662,-0.82649,-1.2462,0.11342
-0.069037,-0.30274,2.4858,-1.7884,-0.53612
-1.7804,0.49012,-1.8387,-0.89209,0.16733
2.1261,2.0925,0.56698,5.5436,3.9434
0.6075,0.37931,-0.057956,-1.3221,-2.7943
2.7246,2.8793,4.3094,0.88651,7.6077
3.7992,4.8866,2.1548,2.7267,2.3522
2.5714,-1.7956,2.1496,3.5154,3.7776
-1.0022,-0.1692,-1.3428,-0.1825,3.4799
0.27379,-1.0785,-2.4813,-0.82932,-0.036506
-1.2284,-5.4255,-1.6548,-4.2635,-3.3563
-0.41701,-0.18724,-1.1419,-1.8788,-2.1648
4.558,0.61348,2.3648,-0.62496,-2.0294
-0.63289,3.319,-2.2857,-2.245,-0.80703
1.0364,-0.07899,1.301,2.8785,0.80223
1.6876,-1.7018,5.5335,2.5065,3.0788
3.1547,3.7056,1.6846,1.6405,3.423
-3.4729,-3.5372,-6.3026,-4.2739,-5.2539
-1.4551,-2.0258,-3.997,-2.2488,-1.3016
0.33129,0.14183,4.1225,2.0686,0.87542
2.3495,5.7316,4.2132,-0.51614,1.5221
-0.94761,2.3871,0.96464,-2.8934,0.70682
2.4528,-0.086611,6.4599,3.4748,0.93134
1.9953,2.8219,-2.4448,0.48865,0.19798
-1.7196,-3.2387,-5.476,-3.8602,-4.3787
-2.8,-1.8955,-4.0159,-0.41033,-1.6327
-0.47787,-0.32475,1.6102,1.0024,0.20446
-0.64156,-1.518,2.3181,-0.30012,3.1099
-2.1193,-0.6455,-2.6728,-2.3865,-6.6646
-1.4262,-1.4595,-2.9674,0.88741,0.5619
-1.3283,-3.6395,-2.1128,-0.33077,0.043931
4.6992,4.5807,4.2792,-1.2383,4.3188
-0.26593,-1.2409,-4.2263,-2.9398,-2.8058
2.2601,1.27,2.8372,0.84634,1.2833
-5.0371,-4.1368,-5.9594,-0.20662,-2.4871
-3.3488,-3.3266,0.18297,0.52947,-1.5699
1.2648,-0.17104,0.88575,-0.25445,1.9557
-1.2665,-0.43742,1.3492,-2.7477,-1.7531
-1.0468,-1.9482,-1.5133,-0.50395,-2.7662
-0.14748,2.0402,2.7217,2.5127,2.1425
0.77233,0.43896,0.092945,1.4837,-0.76095
1.4535,2.1849,0.063978,0.44019,3.875
-0.11217,0.49809,-0.23832,2.9794,4.4995
1.9044,3.0748,5.3995,4.3569,2.1097
-2.9925,-0.80057,-2.1444,1.2534,1.0791
-0.87311,-0.81483,-2.3369,-3.3158,-1.4971
-2.1828,2.0486,-3.4785,-4.8461,-4.182
3.2201,1.9016,1.3271,0.71795,3.3777
-3.2652,-3.7602,-2.5469,-5.8848,-4.2155
-1.4694,2.3283,4.1006,0.80448,1.7673
-1.2033,-0.33809,1.8516,2.7481,4.5795
-1.2074,-1.9894,-2.2682,4.9287,2.257
2.9779,3.7734,1.4687,0.082333,1.6699
-1.8547,-4.472,-3.4869,-0.36247,-2.2221
-0.59315,-0.044129,-0.66657,3.3943,-0.64659
1.4472,2.9671,1.6282,0.79096,1.5195
-4.3319,-2.0187,-5.0708,-4.1947,-3.6076
0.5022,1.3011,1.9264,-3.0109,0.94061
2.8785,5.6332,4.1231,5.7099,4.4466
-0.1305,-3.4846,-1.4347,-3.2556,0.010548
-3.2965,-3.4773,-5.0096,-2.8068,-2.6018
0.31875,-3.094,1.3049,4.9297,4.3856
6.4962,5.5625,1.7946,-0.26671,0.23649
0.81353,-0.70389,1.7658,-1.2986,-0.57232
-4.4801,-3.3096,-3.7451,2.1914,0.19106
-0.30684,-0.66901,1.4593,-3.4733,0.23766
3.9266,1.3684,4.379,4.4968,4.3571
0.79504,1.2198,1.9602,5.0599,4.8744
2.5809,5.5049,0.095705,-0.64574,1.0859
1.8169,0.86763,-2.1094,-1.0093,-0.98062
2.9169,2.7007,5.9591,1.3249,3.5079
3.4486,-1.8997,2.8287,0.18236,2.3161
1.9851,0.51047,0.98859,1.9665,4.4638
-1.5029,-2.0081,-0.16386,-2.6815,-4.1503
-2.2462,-1.0687,-1.9018,-2.1958,-6.3571
2.4759,2.1062,0.27603,2.221,3.0794
-2.331,-0.066275,-2.5134,-3.018,-2.9875
1.9226,0.99159,2.1266,0.61741,3.7629
4.2918,2.257,2.4856,4.0644,3.9536
-0.30118,0.29094,1.2654,0.32068,0.9947
-3.0625,-0.79345,-1.8564,0.40627,-0.33643
-1.2897,-0.36537,-0.13408,-0.9269,-1.4812
3.3042,0.26554,-1.0499,0.20214,2.7898
3.2131,0.7161,2.3642,-1.8471,2.9514
-4.5188,-4.9112,-1.9022,-3.3891,-4.0274
-2.9722,0.19256,0.067328,-1.1611,-1.4283
-0.97199,1.1584,1.2099,2.526,3.1806
-0.7301,-1.0904,-0.92964,-2.7362,-4.2364
0.62423,4.6561,2.7162,4.6722,3.5571
2.0464,3.5897,1.8941,-2.6288,-1.0594
-0.27385,-0.8065,1.6119,1.1109,-3.4266
-4.1488,-4.5273,-2.2333,-0.17143,-3.3672
-3.2393,-3.8076,-3.5827,-1.9765,2.3122
3.5869,1.3007,0.83447,2.552,1.2981
-0.68097,2.2585,1.8287,1.6935,-2.3145
0.42065,4.7318,3.4472,-0.021878,3.3589
-1.6682,-0.70514,0.1045,0.50885,-3.071
0.53572,3.6093,1.6702,-0.63912,1.3083
-1.0919,0.82963,0.26828,2.0409,3.3529
-1.7678,-1.2204,-1.758,-2.0498,-1.0253
-2.7574,-2.0508,-1.0817,0.47864,-0.038462
-1.2784,-2.0414,0.44169,-0.77019,1.9498
2.6725,2.1124,-0.30162,2.6241,-0.39399
0.69537,-0.36761,0.17032,-1.9645,1.2665
-0.77912,0.46329,0.1745,-1.1166,-0.29024
0.17876,2.3769,-1.1205,3.2801,-0.5943
-1.3421,-2.7927,-2.6218,2.4043,-4.6321
-5.3576,-2.502,-3.7531,-1.9392,-4.16
-1.9725,-0.34808,-1.4986,-2.0266,-5.892
1.667,1.85,4.4462,1.9246,5.1193
1.1645,2.1073,0.89328,-0.90813,3.1764
0.78011,-1.3721,0.074669,-0.40857,0.59473
-0.26724,2.3091,0.70067,2.0303,3.2056
1.8595,2.0788,-1.0198,-0.14163,2.9224
3.3436,1.5062,1.7167,-0.054224,2.7066
3.0591,0.83285,-0.7912,-2.079,-1.2583
1.9147,2.084,0.034381,-1.629,2.179
1.2573,-4.467,1.6308,-0.037862,0.057396
-2.2317,-2.668,-1.9325,2.6419,0.51862
3.8744,4.4265,4.5443,2.2096,4.8511
2.1805,3.2301,3.0134,1.6623,3.1443
0.12613,0.27065,1.5592,-0.43124,-4.6279
-2.0878,-1.7017,-3.3249,-2.9448,-7.9386
-1.1654,3.3034,2.2812,-1.2435,-2.0841
-0.3681,-1.0871,1.7333,-1.5566,3.4146
1.0156,1.9058,0.17937,0.10828,1.445
-0.5775,-0.61005,0.296,0.45995,-1.1523
2.8622,2.1352,-0.007972,1.3117,4.0715
-3.4166,-3.6257,-2.4579,-2.792,-1.4421
0.29217,-1.597,1.5531,1.122,3.268
1.1777,4.1584,2.4357,0.86066,1.7811
-0.37943,-0.76846,-4.0962,-2.1932,-1.5956
2.6328,5.4509,1.2948,2.0158,1.2546
-1.6309,-2.1518,-1.4115,-3.9242,-3.1048
0.66761,0.061836,-0.47873,-2.0915,-0.63382
3.2273,-2.049,-2.7668,0.49299,-3.7434
-4.3281,0.15516,-0.81742,-0.0051873,-3.5135
-5.5904,-1.6441,1.8308,0.66418,-4.148
4.0606,1.9488,3.4712,2.1113,3.4686
3.3444,3.4427,2.126,3.3234,0.24705
-1.1224,-1.0723,-1.0473,1.0788,-0.84816
1.3649,-2.2019,0.83193,0.27614,3.4913
-1.4718,0.1006,-1.1151,-1.3294,0.02191
2.6729,1.4564,2.7078,1.8475,2.6167
0.3912,-0.0097068,1.4269,-2.3885,-0.9461
-1.2576,-1.108,2.5626,2.9272,0.23172
0.92506,0.29859,0.21316,0.9684,-0.15687
0.97859,0.31416,-1.8395,-2.5875,-0.078894
-4.6336,0.82318,-3.4724,-5.9416,1.7741
-1.4427,-0.93833,2.6766,-0.16939,-0.59443
2.5393,-0.43473,0.037991,2.9796,1.5755
-0.169,2.7855,1.5399,-1.3162,1.7016
-0.98083,0.81132,3.2382,2.4906,1.6875
1.7602,0.44714,1.0993,0.32389,0.095351
-0.8666,-0.27031,5.1001,0.64492,-0.20722
0.48243,4.1256,-0.45767,-0.86512,3.3496
1.663,-0.91479,-0.17555,-0.23823,0.68569
0.2482,0.19358,-2.3792,-1.6313,0.026779
-4.5202,-4.9606,-3.4045,-2.1232,-1.623
2.0729,-1.1877,-0.21215,-0.83146,-2.6325
1.8262,0.67586,0.83975,-0.80006,1.2297
0.1528,-1.3372,1.326,1.863,3.4236
-1.3469,1.6523,-1.9278,-2.8156,-0.84055
1.8736,-2.4808,2.4262,-2.3044,-0.099192
2.5162,-2.9101,-3.6587,2.9516,6.6046
2.4104,-0.99629,4.1502,1.8221,1.7534
2.5765,0.30415,4.4943,-0.56807,-1.2219
2.1753,1.1102,-1.7182,-3.3068,1.3418
1.767,0.063665,0.48199,3.9216,4.4052
-0.46973,-1.105,-2.4832,-1.6282,-5.9126
1.4161,3.3833,2.3586,-0.092733,3.4906
-2.6418,-0.81552,-4.999,-2.7385,-4.0543
1.5687,1.3473,2.3067,3.8384,6.7984
-1.2586,4.2321,1.097,-1.6442,-3.1711
0.076838,-3.6432,0.98656,-1.8232,-5.8432
1.2696,-0.80285,-2.0608,0.12462,-3.5637
1.2058,-1.3612,1.4467,0.98036,2.147
-3.2877,-1.6223,-1.898,-2.2182,-0.59263
-2.6056,-3.8365,-1.755,-1.0075,-3.0896
-0.81074,3.7445,-0.82346,-0.63824,-1.0721
0.25173,2.4287,1.2057,2.8454,2.3711
-0.49978,-1.4388,0.74343,-0.46984,0.32768
0.06018,2.6752,2.4911,1.7226,3.099
0.31658,1.929,2.2508,0.38773,2.4009
1.7016,1.7044,-0.4547,-2.8577,-4.5301
-2.0422,1.1181,2.3597,-0.85925,0.99842
-1.1907,-1.2017,0.61829,-1.2611,-1.1639
0.93247,-1.1627,1.799,6.5076,5.3918
-1.0102,3.2107,-0.24154,1.379,2.2265
-1.505,0.34904,-3.6722,-4.9,-4.2672
0.59707,-2.7573,-4.3937,-2.3561,0.036374
-2.4029,0.033477,-1.1552,-0.65213,1.4261
-2.5121,0.43222,-2.3855,-0.07569,1.6584
-0.26351,-1.9909,-5.4582,-3.3199,-3.0855
0.67892,2.9922,2.0513,-0.99108,1.6687
4.2208,-0.51641,0.84705,0.83131,3.4294
0.1248,2.4401,2.5323,0.71794,2.2191
3.9101,-0.24172,2.4343,3.1831,1.0791
-1.3352,-0.012178,4.3502,3.122,0.088271
-1.1984,0.762,-1.3707,-2.2125,-3.6159
4.1805,6.978,5.4402,0.38614,3.0531
2.2005,2.6627,4.0752,0.92055,2.9664
0.11763,-0.7317,2.1746,0.46354,0.046953
2.3264,0.51443,-0.76283,-3.223,-0.68243
0.42768,-0.19739,4.1351,2.2267,2.6906
2.751,1.1598,-0.51063,2.2462,1.3831
-0.82588,2.6783,0.64462,0.095565,2.9572
-2.5965,-3.2175,-1.6968,-2.3286,-3.3439
-1.6394,-2.9399,-0.76768,0.65177,-3.6297
4.7371,2.7361,2.4952,2.8507,3.06
2.9413,-0.15966,2.1383,3.0401,5.8667
0.66214,0.12663,2.3695,0.30099,3.0397
-1.1809,1.8011,-0.80195,4.043,2.8198
-0.032865,-0.12431,0.72826,-3.8074,-1.1688
0.55578,-0.57048,-1.9627,2.2882,3.5546
-1.4218,-0.7946,0.49575,-0.059997,1.8816
-1.6798,-0.73618,-1.5412,-3.8443,-3.2574
-0.12025,1.2272,1.9542,1.9413,-1.3431
-0.052653,-0.30031,-1.2,-1.1693,-0.3156
-0.51086,-0.4606,-0.83903,-3.862,-4.9025
0.09126,3.5807,-0.46159,2.9383,-0.76672
1.4922,2.5196,0.27777,-1.0632,1.8464
-2.3962,-1.4715,0.73856,-0.076338,2.2999
1.0156,1.3094,2.4257,2.8622,1.7553
-1.4406,-2.4581,-3.1834,-2.3651,-2.5711
1.5619,-1.1893,-1.0023,0.31793,-0.36801
-0.40591,4.3219,4.9218,1.1455,3.619
0.34304,1.0445,-1.0386,-0.3923,-2.0499
-2.3473,-5.3641,-4.3899,-2.7361,-3.2554
-3.1143,-3.8515,-4.9743,-4.5478,-4.9664
-1.4287,-1.8568,-3.4988,-2.2249,-1.3142
-1.0745,0.7857,-2.0145,1.287,1.8337
-1.0683,1.0723,-0.64571,-1.9544,2.6677
-2.4825,0.040815,-3.2026,-2.3647,-4.8329
1.845,-0.75839,3.956,2.0214,-1.4749
-2.6185,-1.9919,-4.5248,-1.9217,-2.4219
0.43197,1.4347,0.45449,-0.75265,3.4324
-3.4304,-0.85086,-5.3328,-1.594,-4.5084
-0.37104,-0.69343,-0.4087,2.2607,-2.0115
5.8799,3.3381,4.4529,3.0473,1.9105
-0.81877,-2.094,-2.6145,-2.413,-1.5981
1.6316,2.4988,3.2396,4.141,4.6556
0.86613,-0.52421,0.94433,-2.9008,-1.9225
2.7828,-0.37995,5.9789,2.262,2.1941
-4.6675,-3.1425,-1.9632,-3.5954,-6.9923
-0.060535,0.31756,0.98412,0.20747,-1.3277
2.6403,3.2716,3.2402,2.9071,2.5359
-0.73082,-0.35069,-0.15892,3.3501,0.89995
1.2677,2.4381,4.3763,4.4551,5.8077
2.0699,-2.2267,-1.0312,-0.52666,0.83841
-0.5294,-3.3304,0.75999,2.2397,1.5492
-1.8443,-2.4051,-3.2771,-4.2122,-3.3121
-1.6511,-0.35648,-2.9907,-3.2898,-2.3925
1.7507,-0.27254,-3.6397,-0.59121,4.7
-0.026349,0.86411,-0.3416,-3.5384,-2.8888
-1.2166,-0.32146,0.72053,-2.3397,0.9481
1.0761,0.92235,0.63878,1.6126,0.54529
-1.0247,0.79781,0.30697,3.7125,0.823
-0.72189,0.90496,3.7695,1.0118,1.66
-2.5098,-4.2123,-0.58618,1.9689,1.4692
3.241,6.0195,4.1593,0.8805,4.2855
-3.4144,-0.59312,-2.4292,-5.4736,-5.0404
4.6313,0.58732,-0.68818,2.8361,4.3596
-0.89073,-2.1062,-1.5944,-2.626,-2.5678
-0.41437,0.28196,2.3416,0.7562,-2.8442
2.9653,1.1,1.4688,2.3835,-1.6328
-2.745,0.27369,-0.97049,-1.0929,-2.539
-3.0794,-1.015,-3.644,-2.7117,-2.5038
-1.6165,-1.2823,-2.3966,-2.5316,-1.808
0.10218,0.32105,-2.8746,-0.047466,0.79404
2.2569,2.8643,0.82605,-2.9582,2.9286
2.2489,0.45192,0.96996,-0.27176,-1.8053
0.089819,-1.4195,1.1065,-0.72611,-3.2779
2.2872,2.309,2.2525,2.7767,2.0511
-1.049,-3.7333,-3.4206,-1.0641,-6.0311
-3.2067,1.5005,-0.087803,1.5475,3.3925
-2.9306,-0.90402,-0.17564,-0.77358,0.052848
-3.2221,-4.3316,-3.3337,-0.39587,-3.3213
-1.3796,-4.8958,-3.3576,-2.4929,-1.7947
-0.25659,-3.3478,-3.5528,2.5212,0.059111
0.49779,1.7554,0.83709,0.18254,0.92337
-1.7223,-0.72728,2.6995,-3.8941,-2.3097
2.0331,-0.89451,-2.1166,-2.8962,-2.964
2.6972,-0.89378,5.33,2.0848,4.2311
-0.196,0.26286,-0.52364,1.5333,0.31135
1.1556,3.5972,-2.5665,-0.36557,1.2686
0.85194,0.46734,-1.6447,-0.81914,0.32402
1.8144,0.73531,0.26008,4.1751,3.0663
-2.9673,0.39677,-0.14253,0.15398,-0.46371
-1.6854,0.41581,-1.3185,-2.115,-0.098784
3.8776,0.8545,1.5847,-0.10176,0.69047
2.56,1.694,-3.2973,-0.52125,2.1569
-0.29282,-3.1266,-2.4915,-1.5894,-0.81489
-2.8243,-3.9926,-1.3879,1.2636,-3.029
4.8287,1.5827,3.9476,1.254,1.5699
-4.8039,-3.6645,-4.7303,-3.7717,-3.129
-2.7396,0.45707,-1.7224,-0.49446,-2.974
5.1561,5.1608,8.1862,6.7525,5.1699
0.33717,0.7019,-3.3272,0.0031993,-1.1198
-1.3734,-0.64521,-0.15065,-1.6566,2.8957
-0.79313,-1.7412,-1.1639,0.3144,-0.19974
2.4668,0.0075296,2.0211,1.7533,2.6679
-1.9137,0.69253,-1.8187,0.16087,1.6354
-2.4034,0.70484,-2.7341,-2.3015,-4.8253
1.6605,2.6044,1.5859,-1.007,-0.75468
0.37043,0.095996,1.1635,2.9736,1.0468
1.7641,-1.1769,1.2298,2.6061,1.4877
-0.83989,-1.1891,-0.023142,-1.5708,0.0084883
0.93586,-4.7269,-3.7145,-0.99003,-0.58406
-4.2629,-2.7672,-4.0897,-4.684,-4.6061
1.2208,0.84296,1.6718,-0.41357,-1.6552
3.617,1.071,0.58554,0.76966,0.22821
2.1589,0.19871,2.9224,3.6753,2.0564
1.264,2.5478,3.7494,-1.0375,1.5839
-1.0567,0.37908,-0.083078,1.6277,-1.3389
5.5083,2.9401,3.7016,2.9874,3.0499
0.58183,3.5846,3.8569,2.5014,2.751
-3.8061,1.4704,-3.0465,-3.6627,-2.2389
-0.40409,-2.7855,1.937,1.7978,1.0086
-4.0945,-2.8625,-6.3943,-6.5089,-4.6487
0.95275,0.39341,-0.43022,1.0934,0.46642
-1.0026,1.8855,-1.4511,-1.6606,-4.4814
5.7763,0.27151,1.6895,1.0644,3.3689
1.2866,-1.4837,5.0682,1.0145,1.2548
-0.43344,1.0936,2.9183,2.5806,4.2415
3.1525,-0.8398,3.4678,3.6547,1.6706
-4.5854,-1.3968,-0.35589,0.18059,-2.7246
-1.5902,-3.3186,-2.1672,-2.0501,1.3049
-2.0843,1.308,-0.39277,-3.0744,-3.1489
-0.53032,-1.0096,2.5576,-1.7121,-2.0123
1.2949,4.1119,3.6384,2.8761,3.5456
-0.7944,-2.3596,-2.1489,-2.6125,-3.5008
4.4405,1.8734,2.5342,2.0187,3.4394
1.285,-0.92478,0.22256,0.82574,1.2303
-2.5278,-1.8786,0.5796,2.5786,-1.3301
-2.2159,0.41186,-1.4032,0.9551,-4.5523
0.89423,3.9761,0.074085,0.25403,1.6491
0.43365,-0.60415,-3.7821,-0.76215,1.3844
-0.88217,3.4749,1.5479,-2.5442,1.2961
6.1701,0.33995,4.4173,3.4188,3.0105
-2.1914,0.11422,-0.72639,-5.1614,-1.705
1.631,1.7483,1.6795,0.96717,2.5136
0.47413,1.9931,0.75261,0.46671,-1.3197
2.8678,4.204,3.8744,1.4411,3.0318
0.083541,-3.5328,-4.2188,-3.2982,-3.3212
1.5071,-1.0625,-0.30071,-4.0721,-5.1661
0.58263,-2.068,-1.0798,-0.86309,0.461
3.4735,0.58615,3.2819,2.569,1.4564
1.7215,-0.90339,0.92227,0.58282,-0.47409
-0.95926,-1.1808,0.42198,-1.2671,-6.7839
-2.1859,3.5361,0.13727,-3.4837,-4.2285
3.0878,3.6661,1.6894,1.883,5.4046
-0.07113,2.3455,2.1157,-0.59169,1.2404
-1.423,-0.18725,1.1402,-2.0061,2.9277
0.68967,-3.2301,-1.6328,-0.0062303,-1.3384
-0.47347,-0.33855,0.0076576,-0.84576,1.0666
-1.6226,1.7936,0.38056,3.0764,1.4653
-3.5951,-2.3065,-2.4737,-2.2271,0.1295
4.714,1.395,2.3325,-1.1704,2.3469
1.8416,3.5791,4.1537,3.9517,3.6382
2.1681,-1.2893,0.80382,-1.2469,-0.80656
-6.1948,-1.4432,-3.5971,-2.6887,-2.8265
-0.67727,2.8994,0.33827,1.1185,3.3467
1.8234,-1.5517,4.6569,2.1989,4.3786
-1.5841,1.4076,1.7383,0.39211,0.73447
-0.77874,-0.87732,-2.073,3.725,4.0099
0.83722,0.65475,0.20729,-1.9758,-1.7541
-0.88325,0.83788,-0.62498,-0.052673,-0.21283
-0.78032,0.3185,0.69825,-1.1245,-0.78448
-2.0205,1.9587,1.3732,4.7901,2.4712
0.21328,2.1546,0.90677,1.5705,-0.2869
-0.88286,2.6432,1.3547,-0.61876,0.25012
6.2977,4.9531,4.4679,2.9793,3.3774
3.2397,-0.51964,4.6454,2.0861,4.0594
-0.74138,-3.536,-4.254,-2.6528,-4.1558
-2.4095,-1.0274,-4.532,-1.1949,-2.765
-2.2081,-0.52246,-2.6512,-1.8843,-3.8557
1.7664,-0.75875,2.5429,1.1445,3.6388
-2.2496,0.13787,-2.7889,2.896,-0.20946
5.2496,3.6332,2.7291,1.1488,3.9567
0.44898,0.55676,2.2292,1.2471,2.4401
3.5127,-0.033657,1.8837,3.0606,1.9388
-3.4088,-2.0257,-1.4571,-0.63318,-0.65858
0.6838,0.80809,-0.20381,-0.58336,-1.5433
-4.0666,-2.1576,0.037024,-4.1529,-2.8072
2.9531,-3.0602,4.0049,4.5631,3.6186
-2.2125,-0.014548,-2.5839,-0.33754,-5.4654
0.8711,3.9925,3.2394,-0.40968,2.3212
2.3633,0.51828,3.5528,3.3644,1.06
3.2638,2.0238,3.6648,3.1907,0.06961
1.5808,4.0848,3.7922,3.3268,1.7926
2.0349,0.20746,4.6166,3.5153,6.6124
3.3004,-0.77303,0.74048,1.81,1.5525
1.3906,0.12003,0.68633,0.34451,3.8533
-2.7045,-2.8317,-2.685,-0.60462,0.44807
-3.6427,-0.54708,0.2116,2.221,0.92914
-1.5222,-1.1609,-2.121,-1.6808,-4.4535
2.0811,1.266,2.053,0.20859,-0.50237
-1.7422,-0.78936,-4.7376,-1.7948,-1.2833
4.6165,1.8975,1.0049,0.98787,-0.56205
4.8419,-0.58622,-0.44427,-0.21863,1.9576
0.58305,2.5985,-0.50322,0.194,-1.9696
-0.23174,2.8633,1.187,0.13522,4.2088
0.25774,2.4934,3.3103,2.8978,3.2475
1.8596,-1.6871,-0.84627,-1.3106,-0.74454
-1.7886,-0.32594,0.56095,3.8985,-1.0948
2.3862,3.4244,3.5301,-0.34248,2.2877
-0.93416,-1.6452,-0.36533,0.70431,-0.33925
1.1668,5.2501,0.16078,-0.2672,1.8093
1.3046,-0.79758,-1.038,-1.2988,-2.5761
-1.3612,-2.344,-1.3726,0.66693,-3.9336
-3.5363,-4.6287,-7.0237,-4.4098,-9.7116
0.14576,-0.71236,2.8019,0.74374,0.23571
2.0852,3.7362,1.8135,-0.36522,0.38445
-1.0317,-0.80994,1.9804,2.46,1.0434
-2.4081,3.0835,0.0021775,-1.9325,1.6162
-2.306,-1.3249,1.0281,0.35688,0.58149
2.0521,0.5428,-0.74842,-1.1585,2.4179
4.1059,-0.54757,-0.074205,3.3092,-0.28845
-0.8506,-0.82417,-0.59548,-3.1795,-1.6631
0.26054,-2.1441,1.8502,1.4438,-0.93876
-0.61967,-2.1876,-0.8506,-3.7813,-4.4752
1.0572,1.3481,1.6149,-0.19497,0.31739
0.76952,0.18421,3.9016,3.359,-3.1685
-0.31247,2.3372,-1.711,3.0958,-0.92912
-0.9068,0.036944,-2.3625,-3.4362,-3.9909
2.2172,4.3668,2.5241,2.1923,3.082
-1.9998,-2.1642,-0.69038,1.6703,-0.43583
-0.20606,-0.68361,0.29492,-4.0308,1.0302
-1.6392,0.58767,2.3553,-2.0389,-2.6285
0.37811,-3.1694,0.1577,-0.50925,1.5023
3.3544,2.4765,2.8284,5.124,-1.1909
-5.0259,-4.5093,-3.4292,-2.673,-6.6673
2.5464,-0.9436,-1.3857,0.49728,1.2533
1.147,1.3229,-0.17237,-0.17589,-2.0701
-1.3309,3.0833,1.806,-3.5141,3.4686
1.3586,-1.0307,-0.49592,4.8127,1.4344
-0.54234,1.3103,-1.9253,-2.0868,-2.6251
3.8712,-0.13534,-0.82614,2.861,3.1548
-2.155,-2.8139,-3.0723,-3.1749,-1.1513
0.29825,0.68167,1.8925,0.79356,-0.027332
2.5026,1.9559,-0.70943,0.96795,2.8857
2.1331,0.60148,-2.0396,-4.4914,2.135
2.5615,0.6433,-1.3329,-1.0699,0.76776
-0.32149,1.0194,-0.025598,1.536,1.3786
3.5459,0.8268,2.3056,4.1365,6.4751
2.0615,3.8183,2.4137,1.8345,2.3404
0.71796,-1.5487,1.9771,1.3682,-0.55185
-0.087671,0.33832,-1.5202,-1.3024,-2.6778
0.29581,-2.2308,-1.6541,2.4733,0.086875
2.3805,-0.15159,0.054363,2.729,0.53043
-0.026143,0.1607,1.3592,0.20655,0.60596
-1.6514,-1.7657,-1.0986,-1.2563,0.94409
0.969,2.2987,-3.051,-1.5944,0.64603
-3.8008,-3.9036,-6.252,-4.0092,-1.3177
1.9063,1.7973,2.7026,4.5664,1.8394
-2.5989,0.43304,0.17505,1.114,-0.54976
-0.76088,-5.0554,-1.5386,-2.7717,-2.6471
0.48369,0.92644,1.8639,-1.0837,1.8977
-0.13699,-0.33632,1.5674,-0.53101,-3.6048
-0.5821,-2.1277,1.6969,-0.056189,-2.6351
-1.1661,-1.7896,-1.9045,1.3247,0.021294
2.8108,1.8714,0.95255,-0.11965,2.4207
1.1003,2.9178,2.8742,1.9099,-1.1881
0.12654,3.3832,1.1141,-0.18895,-0.54908
3.1636,-1.7776,1.7514,1.3669,-2.1055
3.24,-0.52016,-2.141,-0.93587,0.23563
-5.0372,-4.4957,-4.1691,-1.2777,-0.30719
1.695,0.12262,-0.56561,-0.63561,-0.16892
-2.3067,-1.0124,1.5376,0.69654,0.42707
-1.6475,-1.2866,-1.3531,-4.6916,1.8509
3.9466,3.7893,4.4956,1.3869,2.6378
-0.46164,-2.4875,2.2653,0.55407,0.28648
2.4599,2.9477,1.8061,3.1531,1.886
4.812,3.1916,5.7369,4.1423,2.0927
0.74907,-0.093769,3.0423,-0.74255,0.39947
3.5172,0.90339,2.6758,2.1282,4.6633
-2.0356,1.0011,-0.68049,0.74217,-0.008727
-0.89562,-1.2576,-1.4881,-1.3093,-1.8457
-1.4595,-1.098,-4.8019,-1.9517,-3.1139
0.15163,0.95671,-2.0992,1.8565,3.1096
-1.3262,-0.30184,-1.1791,-3.6659,-3.7331
1.7473,-0.1572,0.10993,-1.2923,-2.7792
0.64293,-2.0516,1.26,-3.95,-3.9262
2.1219,0.57372,5.7486,0.49962,4.7985
2.0581,1.162,0.36852,0.46309,-1.1117
-8.125,-5.1457,-8.6504,-5.19,-5.9099
-1.4566,-2.0732,1.2146,0.84993,-0.33724
-1.5879,-1.1897,-2.0317,-3.0178,-1.8589
-0.21046,1.886,2.0561,-2.371,4.6776
-2.3695,2.0512,0.70083,0.59889,-2.9365
-1.4941,-1.3834,-2.1158,3.9985,2.1661
2.1405,1.4305,3.3947,3.9998,1.3133
0.87115,0.92791,-2.1293,-2.0125,-4.8299
0.046828,-1.1063,3.5577,1.5505,-0.14955
0.29911,2.1703,-2.6274,-1.1845,1.1007
-1.4113,-2.1506,-2.7,-2.3838,-0.67105
-2.9608,-0.038396,-3.7234,-3.1434,-7.8946
-3.1686,-2.9867,2.6519,-0.77179,-1.9376
-3.928,-1.7237,-4.6767,-2.4361,-1.4739
3.8134,3.7489,4.8225,1.7372,3.1214
-0.10037,0.073929,-0.51289,-0.52267,-1.7326
2.2215,-2.272,-1.6089,-0.7482,-0.1962
0.6202,0.51805,0.40215,0.9326,1.5812
0.23711,-0.57342,2.1129,-1.3963,-1.1667
0.88522,1.0205,-0.28397,1.5688,3.4354
2.0911,1.3643,0.92302,1.1312,2.7801
-4.5237,-1.8776,-4.4139,-5.3767,-6.878
1.0228,-1.4272,-0.93934,-1.9787,-2.1961
1.9688,2.6308,1.8364,0.26716,1.63
0.029864,2.2869,1.3293,-0.90928,3.1698
-2.3423,-0.03463,-0.90913,-0.57199,-2.3672
1.1458,-0.79147,-2.4003,-1.4359,-2.9321
-2.252,-1.4284,-2.3426,-2.8523,-3.2825
0.82664,0.48188,-1.4708,0.93408,0.25387
-2.9062,1.6947,-1.3012,-3.7736,-2.3103
-2.0755,-2.457,-1.8031,-1.1118,-5.0624
-2.1946,0.41359,-3.5697,-0.1862,-1.0661
0.74743,0.44726,0.27434,-1.0842,-2.1705
3.002,3.2419,-1.1002,3.6635,2.7902
0.44081,3.1876,-0.20531,-0.55499,0.60101
-0.13775,1.4628,4.1139,5.0075,3.3614
0.094947,-0.50237,-1.4938,-3.4658,-1.3546
2.1274,-0.06315,6.0536,3.3193,1.2772
-1.1799,1.6717,-2.0749,-0.86662,-2.1814
-1.0983,-0.13372,-1.9302,-5.0382,-4.2702
2.6727,3.1957,1.5497,-1.1336,2.7502
1.0393,-0.78841,2.6145,3.5435,0.66009
0.84155,1.0256,-3.2793,0.36598,-0.31823
-4.2128,-2.2848,-7.4635,-5.2389,-2.9809
0.64106,3.0785,0.19944,0.96578,0.32675
-1.3591,0.12983,1.711,0.69126,-4.0428
-2.0263,0.8088,1.1527,1.1602,-0.46593
-3.6319,-3.1516,-5.0513,-1.7758,-1.6626
0.4602,3.1088,4.6522,3.1677,-0.68801
-1.6213,-4.2424,0.15267,-1.5992,-2.6513
0.76384,-1.0418,0.55356,0.28191,0.96839
1.9387,2.7264,1.5413,1.2853,2.3863
1.5484,2.1564,0.56675,2.0279,1.4403
2.6511,0.56467,2.9263,2.8241,1.6639
2.1447,1.978,0.12565,4.1312,3.664
-0.12458,-4.4903,-3.1743,0.17466,-0.98181
-0.91062,2.7131,2.2335,-0.83297,-1.8906
-2.2415,3.1343,1.6467,-1.4099,1.6811
1.3671,2.3442,3.5717,-0.20124,-1.3731
-2.7821,-1.2537,-2.4582,-3.3072,-1.6507
-8.1568,-1.2563,-0.62582,0.93324,0.75691
-0.52495,1.0528,1.9338,3.5343,-0.16983
0.76794,-2.5476,-0.07467,1.8798,-0.69369
-0.68368,-0.66953,-2.1922,-2.9392,-2.7954
1.7518,3.2906,3.7963,2.5621,4.2688
-0.5304,-5.0091,-2.1163,3.9428,2.8956
1.978,2.9632,3.4895,2.7226,4.476
0.19296,2.0192,2.1294,-0.58437,-0.52169
-1.1379,-3.5001,-4.1718,3.3373,0.33354
-0.55838,-0.10409,-0.21784,-2.2098,0.4474
-1.6805,0.16129,0.084785,0.68383,-1.3524
-0.91775,1.2288,-0.61665,-3.2045,-5.04
2.2751,1.3251,3.6728,2.0481,1.504
-0.24061,-1.4705,-1.7184,-0.75553,0.2328
0.64101,1.6174,-0.34935,1.6801,3.0192
-1.9408,-1.6042,-3.2496,-1.7403,-2.7985
1.5293,-2.0905,-0.81041,1.2401,-0.51865
-3.0185,-0.89925,3.4357,-0.53984,-0.0044648
-1.3359,0.17473,0.73229,-1.8779,1.9773
0.063907,-1.5624,0.46619,-2.3117,0.94729
-0.59058,0.84356,4.2052,3.2716,2.7463
0.58057,-0.47997,0.077714,-0.71855,1.2691
-0.7076,1.4336,-0.083104,-1.8752,0.23211
2.7015,2.2945,4.1858,7.5875,4.7912
1.0977,1.1537,-1.6228,2.8267,0.8163
0.34872,-2.118,3.6806,-0.17514,0.6073
-2.0725,1.8344,-0.73177,1.484,-0.096179
-2.7242,-2.3407,-2.6924,-0.62872,-5.8299
1.9913,-2.7246,5.0805,4.8543,2.6114
1.1836,-2.3387,-1.1394,-0.0066826,0.22711
2.9505,4.0896,3.0045,0.81798,0.81119
-2.8397,-3.8434,-6.951,-0.29364,-3.2026
2.3612,2.9235,0.45827,-1.7628,-0.28636
-1.8497,-1.2896,-0.97813,-0.69461,-3.3473
1.609,2.267,3.0605,-0.45271,-1.0296
-0.032612,-1.4521,1.9661,-0.65202,-0.70192
-0.3351,0.6527,3.6495,5.7656,4.3155
2.199,3.6018,2.5829,0.30725,4.4505
-0.66584,0.15909,-1.2128,0.10379,0.69105
1.6121,0.58267,2.8566,0.18155,0.10839
-3.3219,-1.7616,-3.266,-3.3723,0.81904
1.6555,2.004,-0.063581,1.2902,-0.2978
-3.1905,-0.93468,-1.2401,-2.0981,-2.5602
-1.0312,-1.0344,0.0091963,-0.8273,0.13761
-0.98425,2.3764,0.39396,1.8465,0.29941
1.1894,-3.5471,-1.0211,-1.3006,1.0516
-3.7219,-1.9316,-0.87795,-3.3572,-1.9747
-1.2416,0.82076,0.68009,-3.424,-1.4819
0.9444,2.4599,1.248,-4.1512,-1.92
-1.2258,-2.2099,0.87204,-4.1062,-3.7222
0.092232,-2.0454,-1.6314,1.8635,0.12904
2.0348,-0.65872,-2.82,2.3252,1.579
0.62239,4.4803,4.0778,0.63509,3.2996
0.97233,2.8587,0.46604,2.7607,1.6567
-4.0451,-2.0468,-6.7482,-1.2915,-1.6476
1.0737,-0.014952,-0.043523,0.5404,3.4644
-3.8214,-2.6238,-3.1606,-1.5991,-6.4827
0.83652,1.6317,2.9726,3.8557,3.5798
-1.4608,-1.1385,1.6157,1.0832,-0.72053
2.4041,1.5957,-0.44465,-1.5911,-2.4161
-0.64577,-1.2294,1.7492,0.91841,-2.0721
-0.56976,-0.62238,-2.3878,-6.7366,-0.59789
-2.8466,-2.1884,-3.3495,-1.0702,-4.1901
0.47926,0.65733,1.1169,-0.75307,-0.58091
2.0838,2.1078,2.3541,1.3753,-0.47193
1.4503,2.9114,3.8438,1.9158,3.8366
-0.91877,-3.8899,-1.9749,0.0066613,0.33631
2.517,-0.37532,2.5494,0.82986,-0.56765
-3.3089,0.3517,-1.5656,-1.16,-3.0383
-2.3601,0.12975,-1.9852,-1.331,-2.2932
-4.2868,-1.6922,-6.1586,-1.3466,-7.1776
-0.24283,0.11336,-3.175,-2.6094,-3.1891
1.0394,1.4015,3.4815,0.65507,-0.46856
4.25,4.9986,3.2837,2.5318,2.2676
-2.3635,-2.6497,-3.1279,-4.8846,-2.1574
-0.59025,0.94469,1.3501,0.27375,-0.53755
0.87859,-1.6684,-0.88603,0.63127,-0.43762
-3.3476,-3.5309,-1.4145,-1.2849,-4.1048
0.93694,-1.0518,-0.81981,-1.1438,-1.4728
-2.0923,0.31621,-1.7333,-0.95987,-1.4193
3.917,2.9043,5.2616,2.3502,6.0106
1.7437,4.129,1.4118,3.9747,3.2844
2.846,0.015329,0.45286,-0.49523,-1.4865
-5.0171,-2.6073,-2.9911,-2.5554,-5.6389
-0.032393,-2.5802,-1.5776,3.115,2.9336
3.0934,-0.27888,1.3839,-0.040146,-2.4816
1.3732,2.9731,-0.26582,2.7275,0.76168
0.78199,3.8739,5.2927,0.37388,1.6698
2.3068,1.535,1.3728,0.29328,1.6456
0.37561,-0.74714,-1.3562,0.29179,4.2626
4.102,-0.20539,2.0484,2.7087,2.4091
-2.561,-2.4766,-0.46007,-0.14439,-3.6179
-0.20343,-2.1645,1.9298,-0.42105,0.7261
-4.9379,-1.7396,-3.7084,0.36283,-1.924
0.44055,1.3338,1.4421,1.046,4.4177
-6.4393,-3.0438,-6.3343,1.7618,-0.59887
3.076,0.67412,1.2196,-1.0617,3.7127
-1.0053,4.8531,2.4133,0.15804,-2.1768
-0.58263,2.0071,1.7176,-1.8771,-1.1555
4.7536,-3.7232,0.12839,-0.35651,-1.3809
-0.57457,0.77524,4.3456,2.8213,2.317
1.4306,-3.2551,1.9623,-0.29898,3.2848
-1.8235,-0.019162,-5.7933,-0.49593,-3.7315
1.0457,0.97058,2.5664,3.5743,2.6283
-3.3878,-0.37859,-4.6439,-2.7108,-4.3144
-3.2288,0.3018,1.1418,0.38047,1.9604
-1.6181,-5.123,-4.5129,-3.2779,-7.9463
-0.63764,-1.2047,1.1207,-1.0728,-0.90146
1.5003,2.4619,3.7154,0.25406,0.92223
1.8341,1.8105,1.7149,2.0276,3.3748
2.6024,1.112,4.3367,3.3221,2.2388
0.46892,-2.7667,-1.5518,-2.7778,-3.1685
1.8873,0.16058,5.4951,-0.21691,2.622
3.0938,0.080098,1.1519,2.7112,0.41625
-0.45136,-1.1969,-1.8714,-3.8477,-4.0265
-4.8766,-2.0414,-2.9535,-3.849,-5.0048
1.4725,3.9386,6.2078,3.6665,1.9501
-3.8228,2.6647,-2.5897,-5.578,-2.8316
-2.0592,-3.7148,0.40877,-0.67704,-2.4999
0.46578,2.7371,1.695,1.1076,-2.2667
0.71482,-0.5504,-2.4132,-4.3833,-2.704
1.7954,1.5525,-0.69172,1.325,0.7842
1.2406,2.7923,3.9067,0.75887,0.34535
1.2407,1.4436,2.0122,-0.040159,0.14352
6.2305,4.1691,0.24693,1.1351,5.7981
1.143,1.1912,-0.16384,3.0453,-0.1594
-1.7401,0.66882,-2.4889,-2.8116,-2.2258
-3.5516,-2.4047,-2.3998,-0.97287,-4.7279
1.1001,-0.053182,4.6572,1.549,1.0235
0.37504,1.3953,0.72743,-0.21389,-0.35466
2.2431,-0.44406,0.41451,-3.9447,-1.4288
-0.85305,0.85854,0.13607,3.8248,3.6414
3.7902,2.3108,1.845,2.3452,1.3044
3.1166,1.8553,1.1753,0.85853,4.0542
-0.37516,0.0028489,-0.27551,-3.0332,-4.6242
-1.7079,-2.8616,-0.83792,-0.86452,-0.94108
4.5188,4.4071,4.5519,6.0492,5.0732
-3.2908,-0.77822,-2.8396,0.017147,-1.401
-0.069832,-5.131,-0.88507,2.6738,2.1614
-0.64551,-1.9067,0.51206,0.79447,-3.0913
5.1714,1.1192,-0.43541,0.096474,0.73799
-0.25402,-0.077129,0.59416,1.9584,3.112
-0.076965,3.5753,-1.0742,-2.6222,-1.4102
1.4707,-0.36379,3.2115,1.5849,4.8119
0.52374,0.11726,2.7235,1.6967,-2.9499
-0.91962,-1.1348,-1.3197,-1.8133,-2.228
-1.3498,2.2398,-3.7797,-1.7854,-2.8532
-0.60207,-1.1941,-1.235,-0.83698,-1.491
-2.1594,0.76317,0.30961,-1.6717,2.2944
-2.509,-1.5875,-4.8429,-2.3383,-3.9168
-1.4246,-3.3304,-1.5388,-0.4916,-0.37904
-2.3072,0.48733,-2.0846,0.35287,-2.9197
-0.2613,-0.95148,-1.76,1.7953,1.8178
4.6444,2.3719,0.85634,0.43532,0.98863
-1.8332,0.30013,-3.0097,-3.5461,-0.88342
-0.90301,1.1176,-0.052678,2.1882,3.0443
0.37182,-2.7625,-3.384,-1.207,-2.4191
-2.1479,-4.7586,2.3143,1.6229,3.0478
-1.1896,0.12663,-2.6985,-2.9562,0.074452
1.9753,-0.66705,0.073013,-0.87577,-0.3185
0.84871,1.5156,1.6785,2.4634,2.0048
1.2305,2.8491,3.5001,-1.7501,2.3237
3.0683,1.8309,2.4788,1.1171,0.072188
0.55882,-1.0857,1.8499,-2.3519,2.4297
-0.39058,0.25405,-2.3846,1.0098,0.51351
-1.0223,1.034,-3.654,-1.8906,-0.20875
-0.029063,0.87536,-4.4678,-1.4089,0.20492
-0.95488,3.7183,2.6845,2.2496,-0.24421
-0.53924,-2.0493,-1.3556,1.0168,1.0713
-0.86313,-1.8368,-0.014111,-0.7846,-0.17343
-0.1997,1.6036,3.3456,3.8448,6.1711
-0.78185,-1.27,-2.1862,-1.7115,-2.0214
0.04172,2.3026,2.6458,1.99,-2.1511
-1.6363,-0.64303,-0.26137,0.30126,0.52045
2.1133,0.13857,-0.35446,-3.1256,-1.7746
-1.4487,1.0031,0.32245,-4.3771,1.9335
-3.8777,0.17642,-2.1472,-3.5106,-2.4092
-0.99277,-2.4758,-3.0748,1.8261,1.6895
2.0875,3.0583,4.2145,-1.294,1.5234
1.86,-1.3352,2.518,2.9412,1.9582
3.4698,1.0728,5.1245,3.3903,4.683
-0.34854,2.7271,0.063896,-1.0437,2.407
0.40371,-0.77123,-1.4936,-1.9574,-0.88846
4.0115,-0.14552,-2.9559,1.6462,-0.63651
3.5654,2.8107,2.5939,0.98721,1.1934
-0.43278,-0.33433,0.54934,-3.2099,-1.6692
1.1578,4.9175,4.0733,0.84839,0.88297
2.7053,-0.67489,5.679,3.7846,2.1777
4.5846,1.0328,3.0692,3.1439,2.4706
-1.1278,-1.0599,-2.2745,-3.3413,1.2379
-1.8352,-2.0295,-1.7262,-4.3516,-6.8587
1.8127,4.5741,3.4925,2.0658,-0.99213
-2.6113,-2.091,-3.568,-1.9279,-7.8239
-0.398,-1.3207,-1.3421,2.0223,1.892
4.8695,-0.23436,5.4247,5.0631,4.1306
-2.2692,-0.20595,-0.91058,-0.63631,-4.7525
-0.74603,3.1862,0.84591,-1.3391,-0.92593
-0.67037,0.11096,0.84529,-1.1965,1.2921
-0.23749,-1.5308,-2.2775,-2.8172,-1.1336
2.3254,4.0718,3.7985,0.089892,0.15115
-0.60732,-1.327,-2.7452,-0.34987,-0.54247
-0.8497,-4.773,0.24368,-3.2394,-1.1961
-1.0839,-2.6988,-4.6568,-0.17814,0.20355
1.2569,2.78,2.63,-1.8397,-1.0934
4.5976,1.347,1.5977,2.2459,1.5753
2.2582,-1.8055,-1.8139,0.21181,2.6542
-3.0351,-1.3471,-0.89417,-4.4856,-6.101
2.0919,0.67805,-1.3767,-0.76622,0.65202
-0.31858,-0.68922,3.0395,1.6258,1.2538
2.4842,-0.30968,4.724,3.8397,2.9442
1.8765,3.6696,1.2015,2.9025,2.0566
0.4464,-0.77602,1.4518,5.8739,3.4286
2.1459,3.3544,-1.2571,-3.0134,-0.57696
0.62155,-0.50424,-0.021625,2.5681,1.2354
-3.5613,-1.5475,-2.7718,-0.54698,3.3021
2.3005,0.052626,0.85525,-0.051514,-2.0842
1.096,-2.062,-0.23256,-1.0156,-0.89796
-1.0865,-0.81414,-1.1517,1.3366,-1.9404
0.81586,4.447,2.7153,2.4486,0.45524
0.61458,-1.0522,-0.062389,3.7405,1.6997
0.11448,2.3875,2.6237,1.008,2.1857
-1.4206,0.067682,1.7936,2.3207,-1.6631
-5.3585,0.72809,-1.9169,-0.74221,-5.8156
-3.8303,-5.3384,-7.0379,-5.4156,-5.8488
3.5646,-0.32053,2.7246,0.22806,2.5184
2.4326,-0.99748,3.9805,0.57258,4.0779
1.8554,1.9106,1.1266,0.090278,1.8147
1.3176,4.2993,1.7068,2.1358,0.79893
-4.8042,-1.3703,-3.2217,-6.1332,-7.3238
-3.9343,-0.47821,-1.0307,-5.0516,0.4168
0.3287,2.7665,2.5697,0.61632,3.9564
-1.6378,-2.0219,-1.2788,-0.18111,-1.7233
