ch_0,ch_1,ch_2,ch_3,ch_4,ch_5
0.7319129992577125,0.7119839325204926,0.3519524688996596,0.6022758765680359,0.5717289208296757,0.4175659780913623
0.1575071822625829,-0.3513420590796828,-1.5400110847063189,-1.810584552999116,-1.7699148393871569,-1.6985248841785574
0.6388189697343218,-0.1851026615371067,1.1159461668049964,0.4633866454766834,0.3147435879165399,0.4114202140736895
0.9741227076770445,-0.0019459187652622,-1.0438231180233677,-1.6330377898923438,-1.6364461191501731,-0.6899905928107557
1.7311389255434122,-0.7247061828955441,-0.3648619976133103,0.2992857209099188,0.716866920995087,1.0953219367791052
0.7475380143219215,-1.0661978047441876,-1.0502469755860415,0.7314168069804351,0.3047197250465923,0.037150653425204
-0.5696623590784693,-0.9952307601821716,-0.7686163286012858,-1.4855817756617602,-1.4864724912917295,0.6673699575405135
0.5452912569354673,-0.1573724709580403,-1.2662612278835657,-0.5105103150367962,1.0186971442558477,0.7219830324077402
-1.761546019721671,-0.2437802388563298,0.3519928457836564,-0.8205092759138045,-1.628061211714948,-1.355622578672968
0.6234648220453077,0.3383667096375465,-1.7354439848944994,0.6298998013102626,0.6614676957402663,1.0172073733356672
-1.7372966562966414,-1.5531677086456352,-1.0131127393629236,-1.4916859762683778,-1.9121203387324652,-0.6446076120393749
0.3421120309966606,0.2220029518123916,0.8297242427124163,1.2833761480145478,0.8170287466184416,0.9611251420418804
0.2973953677603769,0.6349654458360918,-0.0707505651923567,1.199299760704219,1.7849820029812449,1.6632232416734598
0.367851052927135,-0.4670215260953434,-0.1776068762208881,-0.4935290970636206,1.8386860049873803,1.3220317161328106
-0.3098499601476428,0.8168208518186157,0.8730846678140989,0.6987082317608068,1.6878067909874592,1.2829666703875984
0.8838485207228508,0.4117600099635546,0.5029738458518871,1.5694693184774229,0.9426496961004912,0.6868370743001033
1.7015728486747284,0.1767424208094574,-1.5105494785040805,1.4034428430182615,1.085686631823343,0.8640063166925381
0.9411195887727616,0.2742463503105151,-1.1780871992876392,-1.119267153185786,1.912575920861772,0.673478544822665
1.7639772411015968,-0.4595998994222249,-0.8421453895781167,-0.628376191697946,1.954078497042658,0.4709700575356392
1.121734591026371,-0.3528816375884356,-1.668990149797403,-0.7444476926391892,1.7832779209466945,1.092052923803165
-0.292097057704422,0.2696914565072158,-1.157390399923225,0.0273335090689901,1.910139711394815,0.4705517576612398
-0.2567317987523035,-1.0843832637529796,0.6365789936648744,0.7253671727570665,1.9147224673106016,1.030592759330036
-0.0610359256750276,1.135599207651726,-0.6528484596708817,-1.5426195165801744,1.9461282773617945,1.391286938020099
-1.456226054591513,-0.7621610740439367,-0.8245277816557932,-0.4568500716835096,1.9352310215839503,0.9720926125829644
1.4337117326620712,1.0421630803973967,-0.6674922818909116,-1.4847012917263085,1.6547584476967314,0.9710943931602166
0.3735393702821028,0.3192067859422673,0.1833740300419343,-1.2034895886955772,1.0050313086017928,1.457142961135877
0.2732234073764731,0.2112576244987817,-1.10577112937771,0.3073685369730254,-0.3507011953905067,1.865790416097292
0.9763947658672136,0.9744236323044306,0.993200717058212,0.3553520233570191,0.8399283328729873,1.6260143637590525
1.5421592987149633,1.489875802595399,1.5243243646748987,0.578394115909246,-0.5039900428204516,1.9014844162955575
1.0189976895490092,1.1317969689435228,1.28658570036609,1.631238926868266,-0.6670252093547914,1.243894823116957
1.727131632851016,1.540274339365143,0.3966341473454872,-0.3354929379947728,0.806471330319878,-1.6067116582313834
1.1182094245857237,0.9534796969901924,1.4492156910685732,1.0680596693660167,-1.19847800831815,-0.8581981622481815
-0.1211866644623604,0.9969700139658956,0.2796489359292845,-0.4900765718339303,0.4959483111942779,-1.4891322836649394
-0.6809527206254999,0.5651958859384103,1.2071776627486122,0.5820441383889272,-1.220460253912706,-0.1639169418525832
-0.509284164481545,-0.4228532913183452,-0.0744588310571581,0.0021972868956529,-1.23402183165929,-0.7630493625458261
0.6410641486047235,0.6887459973795276,0.9243588948858666,0.4412788199536918,1.1376424816281072,-0.4021422000263607
-1.5058003964887705,-1.3304310499808794,0.4931515150508928,1.215634918191676,1.5690546229612965,-0.7829233201243034
1.2703652610271536,1.39999159335413,-0.346762718974373,0.1191286176850884,1.6909930076112023,0.5018054312632578
-1.2276078349914594,-1.385215838753736,0.8228850953957751,0.2379144424037715,1.651626648664794,1.6448141108588898
0.911505410075509,0.605711652542083,-0.8137655021858629,-1.6406172859288672,1.1330947361315944,1.649556971450811
1.307821029716354,0.1045418599856242,-0.5443903332940674,-0.123403208778817,-0.2723835953148326,1.8120096032943176
-1.2924064956535717,1.2816921613083874,-0.3984281428792091,0.9239946609913348,0.2193650024004833,1.9204037154531064
0.4476549451111718,0.4949117196333032,-0.763344698993399,-0.9002397827298435,-0.6981246808943846,1.86867457739103
-0.5211498969312665,-0.536920903680536,0.5343656574223017,0.501566151378107,-0.820846446322052,1.8138393359221332
0.5597539009660377,0.5459936636216727,-0.0189056996819298,-0.7845368111246107,0.4295736682631544,0.8969404832046087
-1.7860567465173849,-1.7914782337926405,-0.6217269288856841,0.8675629458332138,0.7493886685238778,-0.7530520063462418
0.9272983016918692,0.9410777702478864,0.7011026409674674,-0.1234883938181084,-0.6461790804461884,-0.801312251552643
1.730666857800163,1.752212532052,0.8298792149314436,-0.9101611364632634,0.8519630722021244,0.8707492654553324
0.7414151677727829,0.8182171101731818,1.5039521330483392,-1.1365478689187811,-1.6337980633666385,-0.8890012787706871
-0.6584446448480485,-0.2246087824838887,1.916131234929026,-0.0158756307591977,-0.2866669042663801,1.0198968618932152
-0.2729387400031547,0.2529451278606146,1.81817520699858,0.6338704483418283,-0.1293382501965943,-0.3256868916636829
0.7772888992500955,1.03763877645479,1.8604098419100543,1.6607189041331931,-0.0269092720245928,0.5549416673150207
1.709620486466844,1.8095980088131425,0.9919900039220746,1.1792345724891276,-0.4150061505417936,-1.7941076815108783
0.4980378323653965,0.8814397244896566,0.8800062135040388,1.9050145874336877,-0.2315225811795426,-0.9045415141779768
-1.281875136672885,-1.0147030604843157,-0.1166702132348066,1.8415232275147355,1.181012528830946,-0.8718165619787411
1.3878423831894444,1.013552310870775,-1.2342606162761536,1.7836557273527105,0.240665944241479,0.7260506656501906
-0.4952340112022426,0.0221497621273634,0.3497314499954386,-0.231027559989468,1.6664023116205853,0.0241960808797345
0.621373575570536,0.1436990546406661,-1.1540345012975242,0.801709700531021,1.4727211088737993,-1.127479520677574
-1.789811010942812,-0.9632403460720944,0.1889648652283844,-0.6149432298002611,1.7132707726647505,-0.529371856282439
0.9702274672498375,0.7605042662888555,-1.268385982203266,0.2648960625441378,0.7169408293010522,-1.9441456379528803
1.7563642582764178,1.3282641811880362,-0.9613631738352456,-0.7636777028133201,-0.8153617002337447,-1.0125124930378315
0.8990942292598418,1.3135928797843182,-1.4402752275924668,-1.4478986213960223,-1.258997237605413,-1.398911186394416
1.526120510513114,1.0671050440676249,0.2885201851224312,-0.140811282672123,1.2350860526307232,1.4772367979135026
1.1888782516076517,1.7885379867599198,0.4684599928770307,-0.2085034516567704,-0.4561065992592238,1.9486014501427027
-0.3981901184760151,0.4142181078778294,1.663023598916904,-0.4654771498976953,0.7222367093939361,1.8329732131219787
0.1736795020946206,-0.1574942514238491,1.9150725326917133,0.2344017576720803,-1.58307637656964,1.91734809548856
0.7507704928274719,0.0673499721632009,1.9789648492583884,1.3396224652911408,-0.2613851616659643,1.3233815758629826
1.6212305657730317,0.7644509302383469,1.756924749911332,0.3384102232902031,0.8627385299867348,-0.6230547316131081
1.1242478747675193,1.865306353552884,0.6462401594373761,0.75812607360887,1.1311834086955153,-0.1948155395815397
0.6136773242665239,0.8532617592628948,1.4797149955727766,1.6228330313994384,1.7315785816718814,-0.4558553215852284
1.603201445124942,1.793206489983482,0.7576690734562123,1.142440341971242,1.0877734867957731,-1.0277184892189082
1.3631303985022405,0.7261839220494213,1.1983610490173378,1.6543931959611111,0.7090550323292819,0.1012723798974342
-0.7655391780699468,1.056849919534734,1.6199926748086146,1.212156756322552,1.1705210727738589,0.0201867742863942
1.5901232907992633,1.525632216070105,1.2593482160572065,0.7990787719055081,1.0549935735558056,0.4560748964977144
1.4943687312388791,1.663897815674082,1.7314556140405313,1.6388921139238617,0.6001938008680551,1.1805391819176032
1.4365047430993954,1.6360341220918395,0.9460578996913483,0.6134922325866696,1.2893650082390251,1.815380929603915
1.724822219620245,1.659445315880454,1.7794423869590572,1.5859307680142745,1.7579313500447435,1.6218017382300305
0.9694065308987614,0.7629067069927309,0.8342096028016501,0.7282098575616301,0.4603775352905814,0.4855780482221845
1.7672155743892166,1.4801469144895143,0.9185438743431577,0.0397542117066038,-1.4787936978562757,-1.706362648850116
0.6440235744620426,1.1959182658270149,1.8702800365073904,-0.2504786671045587,-1.37562450359662,0.3752030177377701
1.1618278435852083,1.6130057367973742,1.6310317494769029,1.139169987628949,-0.965246301701485,-1.69894961075607
0.1289916823038217,-0.6338182344025329,1.4439472226198409,1.885488066493643,-0.46417433346384,-0.3357343746238408
-0.6296458985788422,-0.30874964937564,1.049979970842403,1.717736409510736,0.7270589241260976,-0.3341480461814966
0.0089941460139522,0.3902984006282655,-0.413707920856038,1.9129094593167524,1.1480953617978007,0.1208824714137624
0.6964956873394407,1.0592976427377565,0.8021382537304454,1.7733421605476851,1.5584466609424523,1.036057972336189
1.3536220495244,1.6791869416046945,1.7982525012569142,0.3155533981271302,1.4109947753699663,1.901730315501219
-0.9975485258528436,0.5162401546192719,1.1341969319420369,1.1368490004620384,1.6157292930242788,1.3805602738879512
1.6938034695442874,1.377888701889768,1.2225994061807564,1.8539599406089649,1.1142363049873314,1.5084219766327511
0.4370092090144449,1.2188826864976543,1.6244250584233395,1.3538391997760264,1.6191210907179028,1.811808355714532
-0.6015241003206948,-0.1325207090921018,1.834025809206424,1.5896044177314903,1.730309293305578,1.0110496513125562
-0.079709304396379,0.5441488338264313,1.748393671398594,1.5921557398700248,0.9099275250615756,1.5619688901244142
0.50061449868642,1.0191340461260154,1.8884041208897064,1.6076731117081071,1.7381495692347035,-0.27701175426963
-0.0466456537174455,0.3960691065483417,1.789597410379404,1.2306787433223754,0.7157716080122632,0.893049905096444
-0.7367368105695794,0.6883512170381441,1.9697499331463928,0.8879370133009764,1.2637597807687613,1.4005644880608803
1.27640637855256,0.331066207315697,1.823218288453924,1.060382885384088,0.9288751880115766,-0.6710530627570965
-1.2519272788233966,1.5354190871673448,1.740273549302247,0.5511656149347741,0.708632372176928,1.6484968306677277
0.735072062249526,1.551582734177957,1.604533999244265,1.6084359844707636,1.7049889106555114,0.3651335164800212
-1.13765422644009,1.938088063243854,1.4822633718732043,1.2133693558225696,0.5055682915533105,1.3937823498235666
0.4494976821561411,1.880726415116973,1.1094090190104442,1.3883485930980697,1.63727570083209,1.8523354239528171
-0.3920389577401793,1.8881767602885224,1.4086120008884049,1.2251370239088588,1.2236167612355249,1.1071728128852465
0.9904822049554044,1.6995319925530643,1.6756784146020378,1.7085747975873715,1.3169658169514888,0.3652869552442739
1.3301483696366456,-0.1564837412499393,1.4148836449081093,0.7148569749613565,0.5409327290068147,1.6804496220523788
1.0345178198116056,1.6854017362978175,1.7974606406883258,1.673611960992166,-0.1450120882355753,1.9483535017088816
-0.3208158653523851,-0.3554040136816774,1.321262388008116,0.5984556564862878,-0.5986773245693289,1.8526953669694413
-0.1526817079059645,-0.1280193498053812,0.5122606416575906,0.3182041822061285,-0.737683854353709,1.2363196612299727
-0.6852901429036384,-0.6660164775426658,0.94769839739651,0.8467397830839465,0.9058206015594152,0.1445069380210209
1.0492183596587688,1.023511660997081,0.3511201127171824,0.3076705025445392,1.3511315119182623,-0.9391500880261318
1.5968269469792271,1.643864633956725,0.3685206014327452,-1.0934289105605028,0.0007428544470028,-1.66334457901339
0.5199127996028542,0.4735217155375796,0.7891072777525892,-1.2329871621776665,-0.1681737650080638,-0.2401914486926157
-1.3382257200430954,-1.2587700235153054,-1.438199766097358,-0.9718982038934256,-0.2007831387580629,0.6406649460484726
1.496339306681624,1.4685868296269435,1.470388055590861,1.33781188632754,-0.8800419736094397,-1.7351568373907251
1.3957452673955189,1.3270763418504403,1.167534643259892,0.6915848713834677,0.2923501875864123,-0.3196289762430663
1.5901989835693418,1.53562386349806,1.1609818370328966,0.8949525476282659,0.2216450998584568,0.4788558902634293
0.6069990977079188,0.6914809315216918,1.5716489775672446,1.5737471815969537,0.3445911760947028,-1.5629500982377258
-1.7888571485278857,-1.7203099614573414,1.8632048308910567,1.5560434717118103,1.5684436084676232,-0.5060790796683645
0.9597238404653828,0.7902715614602551,1.8864106168427648,1.1692302197847484,1.6121638171895691,-0.3835253158796577
1.7776686172378158,1.544497732506652,1.4397373475187585,1.3527639687677953,1.7308376574377633,-0.0163965666733023
0.3672402689661324,1.236573140205728,0.8095722713446276,1.6647348161878464,1.6027613754111605,0.6742648459360674
-0.69447587089632,0.6297699842331674,1.3516767950551227,1.2438678444693902,1.1793421072677082,1.8121295259131764
-0.6387190335927488,-0.6483547914605642,0.6716951411423207,1.5816012750292967,0.157870179010142,1.11107226315932
-0.4133875207740358,-0.4359248529755029,-0.5081163614843582,1.7907818489786138,1.5492988588177985,1.5908653540864786
0.9778836398670478,0.9765461476179336,0.9492067637193176,1.3192837699656834,1.680611053893442,1.2394098252713657
1.5348549244311338,1.543924313668099,1.6409458074590697,1.1656909814812657,0.7084478966364742,1.104406630671238
1.0966363332886937,1.0772111130179638,0.8424635448403022,1.3329981032880909,1.8255703015391824,0.78081115144176
1.015834279077407,1.0909324660368596,1.6924134578020555,1.5509027348412792,1.46882578876513,1.7812620890312347
-0.1957327724734425,-0.3919566844375353,-0.2159781823050047,1.4936308643519631,1.162785432541679,0.9075906381761486
-0.5422829210838149,-0.3642237952345535,-0.3007544080583992,1.4290170235815367,1.3703829475805052,1.0866217992843514
0.7241496968082477,0.8395459646294364,0.9377273346890452,0.5885912873799881,1.876166021256264,0.7036606188632077
-0.5446799562629479,0.1432890355549097,1.5549382250283983,0.3290396929621819,1.9302099171349216,0.7347925708089383
0.7166679433071386,0.8695897991016812,1.1317114445168277,0.2010524501653493,1.80490742456876,0.4519571387952209
-0.6519772593739138,0.2895553671809938,1.571640861734115,-0.3215088649251635,1.9635046414397597,0.7634927561160111
-0.2077060157716501,0.2117015763262977,1.1628298413048197,-1.3331880508051763,1.7572174137550851,0.7848310375293461
0.5961236815085313,0.9878338672877932,0.1881998141623418,-1.5126020746776545,-0.4824020384634491,1.8803956628469372
0.6612801886289148,1.3935995529627017,-0.9102128695644092,-1.388049765736881,-1.430861311313339,1.939081933615364
-1.7582963660576785,1.4108655971651003,-0.9224771517540162,-1.1674071099002363,0.7331888391292092,1.6398910400122193
0.5660276819960426,1.0989220702475369,-0.4704372903624975,-0.1766484506371349,-1.479471213783441,1.9190604257846569
-1.7561888853775696,-0.5497284642700417,-1.6010411870821954,0.7026656046787506,0.6172794024180729,1.5895380579591565
0.558575335728646,0.4250954252496065,0.6845371977832017,-0.0886482756946157,-1.611063430408625,1.6855039809749752
-1.7323614945293853,-1.395793669046985,-1.2441023930460653,-0.1939218169729126,-0.12344128349469,0.6369872353286368
0.3161403735910199,0.3616905730443366,1.073730450162496,-0.2249551856724056,-0.5127389935125819,0.5359021778792823
0.5261396045151782,0.5719341990902891,-0.2949201535610092,-1.5592351347010247,0.629530748066156,0.7143613276203336
-1.7000248855642404,-1.710563415957197,0.0563445055021565,0.1509861486442024,-1.3030859454663637,-1.7073915529163486
0.1597990712708717,0.1637335155952523,0.0821930295834476,-1.21924091436578,0.1518877735897038,0.6814479432057609
0.9062988417529072,0.9148175173472738,0.5907213503212756,1.1142336790381555,-0.0933018852456911,-0.8394572466853667
1.6265529289993812,1.6194597398108517,1.740367394262727,1.777930306352706,-0.6446208146147484,-0.1451818967210097
0.4234823916456865,0.4245153526405809,0.4325035495606082,0.7093819166973174,-0.8939915875643234,-0.9596818883279024
-0.4139710749266894,-0.4130097786226132,-0.4659241499431463,-1.0972406862442212,-0.1967705810359444,0.0270905362678076
0.975485462347842,0.9755429550603616,0.9713180511774496,0.3938540100857666,-1.048262723704531,-0.0173366110933386
1.5608069302710477,1.560448731037797,1.581918453116168,0.5569083465605414,-0.7886241901263185,0.0856999546106977
0.8237375138239188,0.8244600561922395,0.7836038863808702,1.4151684892539833,-0.928636901138328,0.2677915763425456
0.1567413051414043,0.1601641446622428,-0.026794860074786,1.907797114811885,-0.321680310636615,-0.2254862300817807
0.632653376252011,0.6405152792997435,0.2089152079834865,1.9699436258693124,-0.3575978999800828,-0.2501661849371144
0.9298940202297524,0.9448821840338576,0.2608748862669325,1.7977516080540297,0.9565446870392644,-0.3450795448637151
1.4292199864233854,1.4748203730118123,-0.7624682506279645,1.920010909806888,0.3663917556750229,0.5893717964234937
0.2083382378979372,0.3820304166484908,0.3814365710032298,1.294141598864703,1.588348392972244,0.5287178064378705
-0.4486295212266558,-0.256217393156691,-1.4961322315360683,-0.3754591756916084,1.8262365881961853,1.717129480069572
0.98872368284864,0.931919429396351,0.5579224578691776,-1.36272285934879,1.914323996500732,1.518566740288713
1.260397844106254,1.3109293747434003,1.024371824146705,-1.1293975428708711,0.7218639027983329,1.6717834021028386
0.211933356937962,0.2862483362269811,0.6296949584841985,0.1869844231754795,-0.5480147166884715,1.8113720193158795
-0.4358331399493227,-0.3639883477812233,0.3659375962750959,-1.3569688603862182,0.6645821059729504,1.2878408165566726
0.9753429461333986,0.9463049284570868,1.0044501395488457,0.8489961630069969,-0.5567940276618129,0.3819875951519385
1.2904725047291712,1.3227502156069524,1.333066060908114,1.7152512942214535,-0.4500590338718912,0.7502119291338725
0.5654575594582187,0.6184410409667547,0.7947575225720632,1.506654897385763,0.2134356503597674,-1.6903046375383146
1.3800289837143604,1.4554523522052936,1.741627386493751,0.8857886706765211,1.467154834965632,-0.6030863583171596
-0.6516271478761311,-0.4153167501964227,1.398873854914177,1.773197889625354,1.1145092668835677,0.3373730663472367
1.293181000537422,1.0572450351077576,1.6942125530652308,1.4626842666407265,1.6252135707774058,0.5822162780670299
-1.2943592577116825,-0.3323286682571441,-0.6143306305736818,1.4184915948697567,1.3446611812938325,1.6656582525181645
0.434786955886897,1.2499798234022514,1.2559582319067475,1.6201369207437215,1.1600605880532566,0.501021974778431
-0.3779632138153365,0.0253977495761706,1.852712119593069,0.089089568553843,1.0394030458721355,1.627168773967499
0.9889563157165252,0.8148533613596969,1.946071848062684,1.6236650496091898,1.656407741668842,0.7862972578486362
1.2643714323011457,1.4683282610878725,0.5950826423549623,1.1895402702070468,0.6157720611140921,1.3648285188306586
0.2572110643747046,0.6557315040378325,1.0454980593958365,1.2741506594004266,1.5341150290413212,1.8638907730965837
-0.2764609405119173,0.3735213992533983,1.8425657138950944,0.5537062345883474,-0.7483330891988795,1.3934797365700002
0.0768791111568253,0.8112650412644122,1.9661661685647176,1.1235540281992733,1.6559202177606958,1.0858880804183753
-1.4761697667359073,-0.8275214385303857,1.8909773160530303,1.5550119370086095,1.7815712414881455,1.2279445518326453
1.38022265126768,1.1467788662599678,1.5971724201309234,1.1120344437894376,1.061102836933565,0.5522051825037149
-0.579461907887881,-0.4870300974583149,0.2962799761961459,1.229014392941287,1.1890853467067202,1.3934667511145895
1.0095099872364186,0.907516464855418,0.2232806362111294,1.6829494593394965,0.8961158108977745,-0.908853152557034
1.7746307935018688,1.7243968172621285,-0.6203715152136337,1.5267609116414538,0.9681516416554824,1.6417337498083893
0.4288298502937167,1.1629203818992622,-0.5205036377187915,-0.348324024134963,1.8880804299448048,0.2805737357359257
-0.3546580993140797,1.2707905335229837,-0.8773655774234391,0.8332360104960005,1.8652194239355688,1.564733025661903
0.6446975738487658,0.544728607197063,-0.9097966709876584,-0.4530242106118775,1.9561665889059483,1.2623988678002094
1.017786448571694,-1.056458796115093,-0.4114728596297346,0.5015317389285838,1.838958936203028,0.8362169927765402
1.7592029020772708,-0.4310719739343186,-0.5598849792918034,-0.4321240198035972,1.886413559720939,0.9319355863883207
0.8381930873692227,0.0549206301411633,-1.2793195507593065,0.5035531665855171,1.6386487009512205,1.234421747790739
1.7502398383731816,-0.510653890980507,-0.842719264680198,-1.025075182066025,1.569652472474625,1.324459982380295
1.0045687566026715,-0.150474789765272,-1.6588199227760247,-1.1376902397454054,0.3332203700049753,1.659731606544942
0.7044369356568145,0.0364144308733488,-1.269985214194637,0.4877324200013412,-1.0642196195549558,1.9079701886611056
1.7798220788416903,-0.6200822370849891,-0.5482271356027468,-0.4655756826074551,0.6083341857294996,1.2014406566670528
0.5306152969939342,0.1581775858731943,-1.3149807151289157,0.330183639008132,-0.098792579849785,-0.0921543836343307
0.3403438326433351,-1.1153323390843228,-0.2237903777226118,-0.6942287474966062,0.5072317673066549,0.1764388829614219
0.6984881305095093,0.7500529348671989,0.3479701595702645,0.2933385983653687,0.0491525563317249,-0.8882462374835683
-0.891872145250836,-0.6433527545498228,-1.6855275848495903,-1.1629873512862383,0.525529520794511,0.9731279381525456
-1.566428439938771,-1.7010604981737931,-0.3841453399726788,1.1409935617832698,0.0457899498787599,0.2292657876026303
0.9075934271459368,0.6411764179725403,0.4733963025367664,-0.0840831299811395,-1.3332874547766886,0.4501886879215488
1.2588878864601551,0.1925292361615705,-1.5688377605262225,0.0301210497459137,0.4165135088425514,-1.0272207406118528
-1.1475778919398412,1.3125221545112615,-1.0999039214455877,-1.702607772177273,-1.3426007768182169,0.5595267937080204
1.377854246347723,1.0298783638680185,-0.2285032463561317,0.1337259219324801,1.0884862234976045,0.4084623946555127
-0.6022875984414541,-0.0512402204958565,0.4562766248050271,0.3244343701320717,0.0358255073761014,-1.723844716050479
1.105778291018826,0.5733667802831858,-1.2631732154209812,-0.4717432608507864,0.6725640379224935,0.3309209555156318
0.9827417975234354,1.470409619694753,-0.9622690138089026,-1.1767293738648548,-1.4931937219435385,-1.2037487571023062
0.0798755150673179,-0.888588078496591,0.6162725117844595,-1.393131683157534,0.3911810245597465,1.3452907372602252
-0.7080648677952581,0.0607287769914506,-1.6276414140357438,-0.1525237493310638,0.261668903110165,0.4441980805170135
-0.7728492469698596,-0.0865527706651218,-0.2691760314591435,-1.3621716155791472,-1.4050715335935646,0.1515072257651244
-1.4442205584926011,-1.0749472142818746,0.7460332995151071,0.679860833271433,0.5079111306354829,-0.4695466527434599
1.4523378570347374,1.4361046366977264,0.2565626292479148,-1.3405170227914822,-1.822052924011452,0.2460339908248826
0.7203446034603952,0.6416894863576592,1.5515692667067005,-0.9144389804821238,0.1608123028289953,0.7486502669435015
1.7750013685153214,1.7683034578663916,1.1294411990982025,0.2536091777331473,0.3571515141832355,0.4882652430067566
0.4856820532520928,0.7684397692425201,1.1479476782282938,-0.6123524783520518,-1.624342729107766,-1.067099232008903
0.0174680734467734,0.6301964205330719,1.5353380482764831,-0.7696162447398802,-0.8976474112338693,0.7398275754094059
-0.4100842090700781,1.1368911090745693,1.6705975154147112,-1.084818038883014,-1.0512218475279245,-1.043995218053155
-0.5162081190424832,-0.3610082509278011,1.8474649859484464,0.468552457567957,-1.3400859412299568,-0.7904073161481076
0.8584326181753452,0.924218668874842,1.8158623287902445,1.6668939366209208,-0.3548657687404938,-1.475859002714754
1.3827755590155557,1.634870597677479,1.073164591718984,1.4506494826478376,-0.3486374225365529,-1.2173995229177248
-0.6130219416114724,0.5653732152368605,1.493646504256846,1.0540523678948976,0.408160301172656,-1.3487332071742302
1.1490984536972038,0.6072372387393874,1.8753488521328003,0.1335445496969776,1.416171326255311,-1.057559492694384
0.322553864223933,1.6316561167908976,1.5701103284623,0.9832840947928172,1.5271641108280458,-0.2635565878349634
0.0284324669002302,1.9268262495359367,1.4687383523326385,1.7747066390256103,1.1236984712272735,0.7138567582063238
-0.3302607637696486,1.991490056906096,1.5903805532264088,0.9858809681640076,0.9060625301544032,1.3662371028303617
-0.8777510694020452,1.9714761232717024,1.481324430489134,1.8454831030886152,1.7157102850183787,1.1959984634679597
-1.591770319642522,1.920936432496428,1.4090195693732497,1.0505898429419018,0.9878697546019896,0.917782917605865
0.7150504480666691,1.917676411167033,0.5456884261765882,0.6952836430284645,0.8042189426749378,1.6670815121094311
-1.3558450262952328,1.8993147469860587,1.1522915357717396,1.5377742053902426,1.7190810917445716,0.4725125809574163
1.501052961106569,1.5513322452918663,-0.2144928222724434,0.8024447313748047,1.4995083928366073,1.7613717022108162
1.4532813153420772,1.5792599156302334,1.6154361050684,1.230131723388017,1.7543986193921293,1.335264247304316
1.7124973926062648,1.7295123550250848,1.6611470851222967,1.7639902088991386,1.5883026421293822,1.4796421505746464
0.666127292014585,0.7327277172336721,0.6438709644434465,0.7747326307528066,0.7839210601902565,1.1021469086108333
-1.5206492307319766,-1.2621480666865217,-1.3912840592364486,-1.0045533112798022,-0.5496111843784943,1.052724051935234
1.199627114648156,1.3836133323805264,1.4694560484893755,1.2445376844884564,-0.7041294905843927,-1.6969280428535842
-0.5162043867627102,-1.1573886195470322,-0.9634512074459552,-0.4539814153748688,0.4080196562184868,-0.7218478516234969
0.7279250578863526,1.3520357505585616,1.6548811959201062,1.6577762913469218,-0.9249956330177358,0.8073152184882922
-1.2996717709289405,1.6031228960871424,1.1555493835623056,1.5464286503328109,-0.6653024031337832,-1.8526290825109912
1.4072410061869147,1.8017492301123368,0.8989793648859301,0.0312414386838982,0.4029112962436147,-0.2719260602898699
-0.1580544590548228,1.4438753430151403,1.7135164593474124,1.6303759501298696,-0.821669508674844,0.8377869854265315
-0.6319244980738842,1.4706088880740351,1.400617572461386,1.5189155139375288,-0.7954685657009871,-1.8132797239400744
-0.0165813128395446,-0.1923304889346581,1.859465279867016,1.1072047293555063,0.0849785835367359,-0.1892764463376851
0.6249314094218279,-0.2520151636815524,1.9548767854418772,1.403749707206246,0.898854113194357,0.0363527959428537
0.8745104868397826,-0.082487889434969,1.9667433132165373,1.4549698218931584,1.8054382371880784,0.0594501855185421
0.7549141918506619,-1.2133359462609712,1.727350691350351,1.59163380402412,0.9323153532324204,-0.0196510839145001
-1.0034717908241122,-1.3210219043924012,-0.4033484174067178,1.815530586041479,1.1261849687943344,0.1935807568231092
-0.87695503557791,0.0618840266802892,-0.8928427930312495,1.8970332249582644,0.7461221854747113,1.202026299551766
-1.5920711962576706,-1.3607385903988616,0.4891506843803447,1.341224967455164,1.484039286264812,0.7825624044156936
0.712687047152607,1.0521155116694278,0.1027784969345807,1.061351377911904,1.664143743324543,0.9882945516234092
-1.3783089202150172,0.201478386915304,-1.4284535457544196,-1.572051995862009,1.8972681457947076,1.1469079835167637
1.5119058502062377,-0.3490457952668334,-1.4381502898795755,0.2131065235557072,1.7777162567017035,-0.4140952826897353
1.566687310024406,0.2648729953545731,-1.3002417927673098,-1.7940495446848626,1.8935451087786808,1.6689688255925734
0.8189445696942449,0.5871170208092731,-1.2222146381292536,0.1281586231081148,1.8605683433372988,1.1654046236214854
0.0839888165721014,-1.0408652810516617,-1.163691243285237,0.066515219724918,1.891470247814089,1.306189194979092
0.083159358847066,0.93981621745501,0.3566374167479795,-1.7969307238977412,1.901572236157646,1.4276444614898665
-1.4740101605157088,-0.5526487792904482,-1.6830077784522632,-1.3695230266988676,1.2925509703121862,1.4636520378044358
1.386822667666867,0.7176537337971844,0.6059706911183317,1.2598739496619094,1.3854353121381848,1.3315386134458196
-0.4745376909370751,1.2223140143017177,0.6716229827688219,1.1155728178421536,1.236550428586795,0.3264896547959494
0.5223391813784215,1.3364811420473643,0.6196951353942202,1.110848743685384,1.4946940083466536,1.199885329958895
-1.1869915458616789,0.6042588824509707,1.090764881819597,1.4254392739516653,1.471142455628056,0.7131258098033543
0.9395612393233927,-1.0752420869384292,-0.7358429946371186,1.9034365558417887,1.0552125638556475,1.3581051269687163
1.5281781502045555,-0.7927026497339711,-0.8076214543427669,1.8295691450800229,0.7762629130568235,0.1833286856173
1.663232311075769,-0.0931438707374758,-1.327556411653355,1.0955515967296463,1.3519649324800287,1.5920533078576875
0.5101025979878968,-0.6007366545472024,-1.5843652732302014,-1.7673677236226732,1.87629995664952,1.3033147141224417
-1.3921038963783756,0.5308918417506869,0.4518120719902827,0.4494934788719204,1.9435970189162253,0.0654596646093337
1.5133725041125172,0.4186001264961073,-1.378605070593321,-0.7152461779836125,1.8984339661549197,1.3814356505272407
1.5816422221643491,1.7050244882041654,-0.6010815412725529,-1.4573562194676513,1.8823228999551664,1.3203634756222082
0.6786846785025623,0.6918211322816149,-1.038182444706126,-1.1669299567874938,1.7032292661273618,1.048503189334162
-1.6061074874249377,-1.571503429373839,-0.777763599589727,-0.5267618920628924,1.3016356464521035,1.1698209421818706
0.6148098863349758,0.680653969767856,1.0282291938345054,-1.0303161475096327,-1.251843632265988,1.9243342079855277
-1.791493544989614,-1.7401380344277733,-0.3566203637251769,-1.3297376784377832,-0.9728423938079148,1.9445561869133443
0.9872061661881778,0.8666283234732955,0.2779644344614373,-0.6938379900893845,-0.478105311478704,1.9470515290096329
1.6834510652740955,1.7423284643158374,-0.5815600053640195,0.1960900267149469,0.9966672382596822,1.9138782812389976
0.7544016188362161,0.7302399787270349,-1.0322774960275625,-1.15793642294147,-0.7946272771003202,1.8932887598149477
-0.4671404378383164,-0.5993371768980172,-0.923918340254516,-0.6800932294328219,-1.0491886116054845,1.9490427483715156
0.9877852528618092,0.9698121302009766,0.2480254964196675,-1.0970222064933297,-1.406646443772397,1.7748183187335005
1.3978626045884228,1.5180710207748302,0.191872327759783,-0.8004663350490058,-0.2497006454511695,1.821296003552812
1.62426822039545,1.6738972274264277,1.078884399611046,-0.8818445211366273,0.5392642741062793,1.631241013625909
0.4337935967258051,0.4284700178438461,1.7274331008022714,-0.6673734037469669,-0.9156393162710736,1.451956541643383
-0.4996602551285851,-0.4956537241887139,1.7416753985562314,-0.6364959045067349,-1.1677904942793875,-0.6075099108962256
0.6889456285656266,0.6916619170830655,1.0699388727077546,-1.639605415974967,-1.1628244100311844,-1.3751995776812604
-1.0192298978615744,-1.0064659656659274,0.2485784877790534,-1.162327102143097,-0.2997662153098006,1.0380793934022767
-0.7285644412597484,-0.7619362374945063,-1.7459064032068987,-0.2449760235787195,0.1507559890480185,-0.9281240710401698
-0.971194792235621,-1.0110199747008128,-0.005894961404034,0.2098258542925983,-1.2805642551371998,0.591723345259037
-1.0198264062476714,-0.9299791550858334,-1.7360259242977345,0.2390418900927246,0.7775903502451493,-0.4495908416970448
-0.7105067428622166,-0.937607073808609,0.551991392045239,0.2728850731109731,-1.1466513685828197,-0.1970227177725746
-0.8074359092997359,-1.0480228039508497,-1.364754506797089,-0.0137128389795943,0.7533996134152217,0.2198142416676342
-1.5671112793244024,-1.4122883987973671,-0.097973372215315,-0.9182769146255884,-1.722296452151607,-1.3651502012840806
0.8911222884325782,1.123005946677881,-0.1685504710093336,-1.1379581609964668,-0.0895797969277202,1.1030544983849029
1.0627261749299433,1.75127963656415,-0.6617015104848278,-0.9269348755822012,-0.5019207988790834,-1.016319523983824
1.4942995933278111,0.5405678799996234,0.7673289959356979,-1.294453144374392,-1.146783387722851,-1.1851636021652563
1.482562143073197,1.8585553221615996,0.93126345179388,-0.9458151683002084,-0.7796780342064586,0.2612602963760055
1.283273437505453,1.2961993750799503,1.6928147227304993,-0.783713037882828,-1.195372037168544,-0.53724666232002
0.4345930464783601,-0.0774457077256149,0.1741458873946057,0.5609941887001737,-1.391894680499526,-1.515153503536626
0.6267196066415205,0.095738372874877,-0.5188527500600297,-1.6331371712678835,-0.3451739446449262,0.3928066641592974
-1.7950066024364388,-0.8805461805599083,0.8735229682408461,0.8339523316624884,-0.6334018126437655,-1.5357958114224288
1.0206880304324906,0.7953116132597235,0.6627210276384107,-0.1161057533397235,-0.7344893286856056,-0.4645787280600475
1.4038162631491848,1.637617975130926,0.0167806565009534,-0.8527380427626154,0.7631224382115551,0.8841397031713083
1.6533230861604853,1.6676283180113811,1.022649714232755,-0.9774097741076118,-1.0289233838318004,-0.7268841409812464
0.4624375240355394,0.4660796242843641,1.674927252730357,-0.7607378709769425,-1.469554612242587,-1.5071602000455249
-0.9101415972135648,-0.9215803812578468,1.6729063813363885,-0.7467888177898202,-1.1534792031019914,0.7415254289219749
-1.426008347146959,-1.4074926839391313,0.9085417145651392,-0.939480928842254,-0.7154497457585405,-1.458300652414913
1.4864429003157638,1.4925816518363395,0.3400098917461515,-0.0625239761231218,0.5983740526190292,-0.0729932960340506
1.2771461604366996,1.2923255955535469,1.6375894748425774,-0.8295185576886697,-0.6109157544586306,0.7018601042967323
0.3620137584842222,0.3836785354892601,0.6952213824436464,0.4215952776071076,-1.0144558708508182,-1.0052422623953603
0.2119631142661413,0.2446060092200373,0.8782325203229476,-1.2129920962874756,-0.3302602619631261,-0.3562981524131888
0.9148348231373532,0.951975333536604,0.3314123393237844,-0.5530284032812285,-0.0848701474111841,0.3122888197208564
1.5919246240824174,1.5581995770395034,0.2857569352282835,-0.2194739632328711,0.9547747480817156,1.0139084516223216
0.5525144638074769,0.6026269830881152,0.5276514885683745,-1.148388099374687,-1.253659299997636,0.9072723277110804
-1.5785006445864396,-1.6207492772208223,-1.6255195630721355,-0.4766036717282094,-0.3608404374426773,-1.3284164542881045
0.7997390263471761,0.722332677921405,0.5784816713235611,0.6451889978256679,-1.2913635069229046,-1.0764126879802347
-0.2712695677424399,-0.6218967734046834,-1.481014238095519,-1.8242184854181256,-1.059667705125303,-0.7071075841768841
0.0235698867783304,0.6275888851114257,0.6638260180148547,0.4171070539872542,1.1737887595828866,0.1049721426131209
-1.4861696282309618,-1.170955573526164,-1.7423299315896854,-1.708838981420877,-0.4788563621684697,-1.7459301103365976
1.3469989873385064,1.4338260009800057,1.3956319504682762,0.7207593917859838,0.5100823776726189,0.8462686371316928
-1.0118295453210613,-0.8552159262032176,-0.3835120310143316,1.1904311845033746,0.4086366516735762,-1.3154717926700588
1.6841516716503742,1.711909044083441,1.5564439261424927,1.6766372491592527,-0.2589248857695728,-1.237541013327004
0.4289101817336616,0.4285353491786812,0.6160388349507979,0.9142890275558788,-0.389799660082355,-1.5060026132276652
-0.4644495740972474,-0.4893252771876429,-0.8903117632732311,-1.0038951184895593,-1.1120361352353687,-0.594213508998181
0.8518707532780025,0.8411134469264961,0.4136126925385874,-0.749630887564603,-0.7363715032453217,-1.3367363971093391
1.3118664267502982,1.2651348552506103,-0.6404497699192673,-0.2035194320958986,0.627015367314132,-0.2106362101593941
-1.2831764031459447,-1.2074444497268364,0.5198776916230632,-0.0226239269078433,0.2552173300624609,0.7503716710541636
0.5098584602179334,0.6512349590482166,-1.2338051124583969,-0.4971900393978519,0.8980809465096754,0.1100581542983606
-1.1809879540292445,-1.397569023828223,-0.6287994796682023,-0.4561234931498279,-1.2358216365115755,-1.3140672123645247
0.8986651743343613,1.1785143359896395,0.6055782049601357,-1.3614674592979894,-1.300099913360205,0.0047222059935047
1.0985070849543306,1.8342686995211692,1.3608924653702328,-0.954854568686707,-0.4695190264948791,-1.3422164858476937
1.093521833928944,0.861462523113639,1.5003326052748442,-0.1841630912544294,-0.7728221721853687,-0.5872924209854244
-0.6165439523022672,-0.0357913574232668,-0.7887488109379439,0.9486047994628232,-0.6367273812146008,0.0982426431767213
1.1656139751280488,0.6126375596257514,0.4492122641517935,-1.4131718696036009,0.2859470751264945,0.9313455216350282
0.0553875665765484,1.6492186124923311,-0.8195955436829907,-1.139439730150942,-1.0153150185777746,-0.5412931446927132
-0.7310599931328569,1.8541714484918552,-0.5295195076265897,-1.3215074294499842,-0.7260790365592167,-1.6101821853833251
-0.9827554232887944,1.402006858514394,-1.0952754195719074,-1.3584572993753077,-1.1427383235775788,0.0924570481256149
-0.9218565078140776,-0.1504136933660489,-0.610622055978917,-0.3689042840700094,0.5203872147296122,-1.1821013712803692
-1.453383958466811,-1.592542232665792,0.1103149356045072,0.8829880122139102,0.8512919959524643,0.85703312798988
1.438985715286964,1.298298569380488,0.3959596710198484,-0.641822795797451,0.0166773950151125,1.0658430544388593
0.4729645052380986,0.131938106685253,1.6123475268472238,-0.323177794195953,0.9205670256734104,0.5026762796910871
0.8559483941789114,0.3966574429288247,1.8941652049085007,-0.1004428843319575,-1.5271267836590945,-1.8777782843358872
0.4840172163584169,-1.2273832552970192,1.96054046778096,1.1828018713265194,-0.7098701444856005,0.2145128145263374
-0.762904151073919,-0.0500709705218218,1.2095761461771426,1.1343618817990837,0.6383668337223267,0.0746483344566195
-1.399257631754962,-0.9943757431610356,-0.9955514882805072,1.909969459363452,1.6648475871598376,-0.7453414935771623
1.50967566672513,1.351782480428751,0.2911401288652375,1.948203001447902,1.4510081171134543,0.3473156388167541
1.5491750484109803,1.2402926335251832,1.4860422593326943,1.5348474704251518,1.460702404062406,1.1745489812484935
0.999030673014671,1.5540841309710305,1.556111423161418,1.4895362436814927,1.6742798844140825,1.6636076866489695
1.7781236046278477,0.6511748475828432,1.261104059853252,1.5289040048723972,1.374650120957337,0.6968202524939483
0.3470330234348939,1.4741729820997416,1.7115960489880186,-0.7739632888287015,-0.4525453607295873,1.2983372740908925
-0.7900420508822832,1.4582570112672475,1.660766871518259,1.6691752885337945,1.0475950022882654,1.5961361227691997
-1.4050595716913727,-0.4582406746391043,1.8435738027679656,1.505575644665628,1.8907449497816764,0.3521250146468481
1.505729354240519,0.4085871940681804,1.934694592676008,0.8912058010588343,1.1578063491616932,1.109242342850604
1.511047958014185,1.7018313094025754,1.0341306832789114,0.450657607959471,0.9361234139817948,0.8288269428247722
1.38084213764436,1.265269252726859,1.599962043170505,1.8278471332283883,1.700508139820748,1.5307804110614691
-0.5041792430136632,-0.6333443144784934,-0.3424669222868073,1.3390823395753515,0.9449063787032792,0.9815428400268904
0.6640872636143192,0.8338360605284014,0.7200595550308071,0.98613168065424,1.8223480331671624,1.734936608338847
-1.7459951710098784,-1.2653789974296814,-1.0145568434484304,0.0899467542122555,1.7908818054360962,1.11251450057503
0.4257503009682625,0.5113969151622306,0.8245889020535406,-1.230160919897998,1.7890080666423032,0.3197718699320191
-0.6052658017760539,-0.6297409581247836,-1.1533886635779989,-1.106927502798442,-0.0208028984498669,1.7376860999691452
-0.1135212008761227,-0.1453267980880485,-0.7324294401256933,-0.5275384193934552,-1.7670694145405912,1.4764469441689267
0.4785472083775031,0.44461439267772,0.7839607443311707,1.0112811147137069,0.3126645180140048,0.837160572549519
-0.1981345832704661,-0.2563547968625098,0.3424439169368327,1.3677934436999415,-0.5805772534330962,-1.7102934035842343
-0.4922917309799052,-0.4680675037738789,0.5884045652035239,1.061450671726779,-1.8590767808694344,-0.8485960900032612
-0.0615935164643995,-0.1017086727295925,-0.6995990540145953,-0.4467509956183724,-1.1770299211054946,-0.4453990909163108
-0.740612202010414,-0.8169806418889882,0.0832459446190757,1.0497799616912815,0.2089125053101516,-1.334564517935618
1.291517954398657,1.3655180258799768,0.5261516132350492,0.2666360463792162,-1.477149786088443,-1.1149858359310802
-1.2923769621408396,-1.3657113930127405,1.547622915502027,-0.6601930105835448,-1.0272059839470205,-0.191305262292225
0.4476413089197602,0.3368554557861617,1.6980827376231988,-0.4933648488912134,-0.1598420167708964,-0.6322860968776969
-0.5209991450605654,-0.2404336343609573,1.5830922984670115,-0.6512458604365704,0.0770674900559711,0.977983609014918
0.5607332595217701,0.699913179278016,0.6694901660321657,-1.7497627206850486,0.4197129672266382,0.0362136706057269
-1.7869363895042851,-1.5523085156650815,-1.733775875740036,-1.5343052243228747,-1.7485900479602567,-0.0254970450070389
0.937086531210477,0.5065953878090702,0.1913443660555217,0.3452946802572743,0.3275159998230265,0.3309748475773028
1.7624133092390213,0.2946479217913114,-1.206821334785819,0.2303277277920454,0.6935665264264812,0.7379963612991034
1.1225814364633857,0.8225425327845064,-1.542655309899132,-1.117629790142079,-1.1453596054190789,-1.234627881485237
-0.2471462345463225,1.5592507972658831,-0.2866296100748456,-0.4959649230180776,0.4999257086848638,0.7938398629205285
-0.4031825883543332,1.746342849545293,-0.6136759519995165,0.4433713486927891,0.997914284492538,-0.0733577520750269
0.8936353461004776,1.4505348508749134,-1.722445912158592,-0.4209071855830973,-0.3196949691862948,-1.8298691175593007
1.6707561339303132,0.762076268895595,0.8601986290835266,-1.4072964248269264,-1.1062752532311804,-0.3958794736346988
0.6296033378647082,1.3131675583968636,1.385242153559061,-0.7510637599532941,-0.8611596623372477,-1.507992866782056
-1.7339172749927187,0.9896937513015688,1.1293148885530284,0.5193994940283946,-1.0502258753961693,-0.2737341382409558
0.3133221671951421,0.1823273456510735,1.8414692104811776,1.4274438166710992,-0.7751298474794535,0.0587697352010063
0.5485857178943092,0.876027559380927,1.912054021764756,1.3429334394083792,0.5546539722361427,-0.4436835073927062
-1.770142460672719,-0.7586250080504394,1.8651539849189125,1.5256628587256256,1.35373789942114,-0.9957675934800636
0.7320231123107707,0.6288400222541711,1.5158451173020933,0.5158942661860629,1.3115005411502565,0.0261830940101492
-0.7326236587641444,-1.463706631354735,1.9187596645706448,0.9836319406741568,0.0857719097971771,0.6554594864452108
-0.990964457180514,-0.6350035366775696,1.9266147431907283,0.3051520175463211,1.3867063583304708,-0.3760603926460312
-0.8493060245625336,-1.5740775606424766,1.8165967963310092,1.2341305130806008,0.4100359272738099,0.1907683914337984
-1.5990251622866298,-0.1938222524946365,1.893590597817628,0.5333373384821087,0.8583614800920066,-0.1469827653745416
0.6529972576062526,0.0952728867024118,1.807114056826407,0.1501647842609488,1.0704645604771466,-0.1964125604353195
-1.754831420083917,-1.0561094120794432,1.7146866654286597,1.5132529306782307,1.539974461179106,-0.3832181153773951
0.5244627759264663,0.64917141884964,1.889595956533884,1.068972618048318,1.564787963964201,-0.6618977203609141
-1.5551434609146837,-1.6059418243960086,1.901326380460881,1.4233143710207543,1.2122886111167015,0.1387574082210678
0.9678149748223456,0.8793400706611556,1.9048690943876907,0.5836363337551798,1.377326861978053,0.4252596066338992
1.7279114552820969,1.558733385090398,1.6704284535155365,1.329716416821091,0.385427713981908,1.5487471851288703
0.7009848170934869,0.6058459088189907,0.4738774027590966,0.7753781956562962,1.7928767369954874,0.9640261763571636
-1.1829706226567145,-1.632224900850001,-1.8245954208314972,-1.6654653011278044,1.9591586666522285,0.9935294214208163
0.8272706132341031,1.2490254232955886,0.6871088322455462,0.2482823933198313,1.965859769395823,0.147195846334828
0.0661031895097409,1.76735227631744,1.6728014601986525,-0.7114691848681651,1.9149470733856324,1.0868787421871122
-0.0602739588035161,1.866785594353834,1.638701748887009,0.0769578555519872,1.650664765447615,1.1688840831838865
-1.457205928798871,1.9149202969715249,1.5549117422279597,1.1068048871643477,1.8719967386568737,0.6547602689231733
1.4314400446505462,1.6177300963847154,0.7934259719331542,1.1744737291589078,1.3974005431165444,1.7501594644060563
0.3306100699889213,1.5103503168803645,1.842600719114157,0.8945663234270494,-0.6777676145502297,1.3295443111773182
0.0478970011144441,1.9205740617436549,1.5520401559991417,1.6306596739610564,1.3434835792705468,1.353717432899693
-0.1884153511870918,1.989373532436988,1.5358489146138496,1.2666670039363623,1.7890576580486108,1.0476980391895827
-1.2925207610443707,1.9901782558342116,1.4313950493446512,1.7653824032651912,1.6066840237909443,1.7181631745183548
1.3896356757285169,1.4085669673995078,0.6759581113139356,1.2927315146753504,0.4955505499830989,0.4535166055019585
-0.4653622873045633,0.8456849511958822,1.3911202320495295,0.933803801086256,1.5500144301562548,-1.0461487680026127
0.478427073975054,0.5441963665050142,1.7931829814445874,0.0212863909143712,-1.0935073022955797,0.6319049197009704
-0.714852164060409,-0.8743891514697614,1.8846205008560284,1.4571658412158783,1.677445394985687,-0.9863619001859626
-1.0859741018835611,-1.2051583593183142,1.4916675083695845,1.5979542535123905,1.5142559315968374,-0.978637613082756
0.0778479610025997,0.3502073224428951,1.0520656787850555,1.6283210173869618,1.505807504640118,-0.3286793423120014
0.0863207534158353,0.8455630554601312,0.2955486656717579,1.9051609416417803,1.590416546158935,-0.1527673525439974
-1.4724998501047342,-0.7471927900637371,-1.7372286697732768,1.8380251158215244,1.4617249287017413,0.0393878916065736
1.3913199550905184,1.0315681951296938,1.1384099891684214,1.8910760157948765,0.2356962262804503,1.5381510472307234
-0.4001330399559862,-0.0007764798090638,0.4426965329195455,1.1889691839829206,1.724531274841453,1.169837806883117
0.173205240909067,-0.1618393209787373,-0.2627452542348847,1.7014615959935366,1.2590400682856744,1.520074125716903
0.7481712326060419,0.0669262192358903,-0.7580326577580496,1.67509166375346,1.6946623580678275,1.257058436875517
1.6109625283244418,0.7498663478274983,-0.0843622348805704,1.0506940623792052,1.6819626893176276,1.512337330721116
1.2650752116293684,1.8706685174410629,-0.5443922890884128,-1.684882152562015,1.924877514434428,1.428202064122866
-1.2059624781253715,1.0766779836683265,0.3341617832355826,-0.3436214727630788,1.9382883688746784,0.9661626541784242
1.0589175610068666,1.511502059284512,-0.8900481476533444,0.4374526879428163,1.7285712498244763,1.288983931799252
1.479324021840569,0.0727667567296344,0.5863960169828512,-0.764523447234011,1.5883829708352049,1.5502664469347351
1.5880875498237388,1.806617704701399,-0.6103376926480794,0.3269962643049963,0.2186033468010296,1.8126779912272053
1.446049214261627,0.7801404105462448,-1.0859279602823082,-1.3460297725625936,0.7565801367970706,1.8765790753981195
0.6819282486151608,1.1781979488878973,-0.0858627396233571,-0.9176736595452892,-0.6725956991695063,1.855747668716322
1.7657818746216432,1.485742930864785,0.1281956185799045,-0.2969455778558558,0.034590161169674,1.808116895660408
1.1123611209115027,1.0374081667303643,-0.2846634878524697,-1.1416039740721229,0.8950222066974699,1.77953236668481
-0.2665860960971754,0.5575673598883644,0.0135350363644149,-0.9216662722948052,-1.1197227380553714,1.9713239600825152
-0.342901430108349,-0.2376367125023785,-0.890360571878232,0.7600466661063088,0.1568540980764896,1.9560425937049708
0.5794957017699561,0.481504396343733,1.098583628631865,-0.2465286369500973,-0.4667732284023186,1.8263529741949929
0.5364202122878636,0.3485097681133011,1.16581463895037,-1.0579092902924077,0.5093588916948423,1.3739625895035763
-1.310648429468995,-0.8426438546948062,-0.535399910185295,-1.5324600185309325,-0.20486701475343,0.5905422543597835
1.455923631865214,0.9321490598183048,-1.214262468201196,-0.9685101297329252,-1.17162804629078,-1.6594780064284769
0.7576176716996437,0.8331848329586875,0.1857026153039998,-1.4375870110286824,-0.6336828377087522,0.8874794290006034
1.7136226430785697,1.6496064415173113,-0.2350010696608128,-1.211318510060993,-1.1864725706328132,-1.815498922437769
1.0464687724642825,0.9702898526434396,-0.6741066429687778,-1.749467187406986,-0.7197437298156991,0.775117306930567
1.1294628973815757,1.4431925119356044,-0.2225681680533246,-0.6389115770601195,0.5743092025333836,-0.920702302223485
-0.6516325115430949,-0.5347544164606033,0.884206507792046,-0.1986807502565051,0.6840839028749528,0.8769395747130819
1.2947491629090078,1.1784862792224275,-1.0602701031320636,-0.332946069158346,0.0653374110345053,-0.0077176216518079
-1.2955210125529997,-0.9325509212354284,0.4558714275654243,-0.7202779266019645,0.4388035923568058,0.7542417386998721
0.4273494865944698,1.0301546030206918,-1.2346874464525852,0.3396951694544653,0.985876787654648,0.0420298348781397
-0.2957015230825347,-0.7438986642465508,-1.4411943798624218,-0.3141546231268621,-0.5887232835935831,-1.7892413113820145
0.8482045386144068,1.0099083875442805,0.4096435074154269,-1.1443105286781547,-1.1199634268008816,-0.2321544654405221
1.771353105287907,1.7198223057718904,0.4190419710800314,-0.8708295195515854,-0.6850408851818988,-1.8164528121608647
0.5477128276220229,0.7464187916415415,1.187735259529742,-1.660169654070911,-0.5935127218979468,0.213811508479528
0.4669187510217423,0.8898774725849774,1.5858186706709156,-0.4338401326469073,-1.4344028280818335,-1.6281523694717095
-0.5700512960967014,-1.083224921563026,1.95804665333282,0.2316005946859361,-1.29724433513537,0.4829348385856763
0.1942207494385751,-0.4214000715177645,1.7417764299141574,1.0146475342114742,-1.0129473396272093,-1.1479072432115522
0.9353216511908028,0.7188276450012421,1.4089635625212462,1.7312337553521484,0.2293799195824806,-1.3713977465629432
1.777125134010899,1.773917548968063,1.4923001468456514,1.4327447306106025,1.5586355826763847,-0.7822215406371941
0.3849651640558668,0.5335519844111878,1.2408412467377348,1.0244107527065638,1.799306345505161,-0.1293382127152214
-0.6040783727354117,-0.3578894506956579,1.4084110752253285,1.7771419158079782,0.9021937905162754,1.3360111298104544
0.2538351630118956,0.5330167875473466,0.0098597949838069,1.6821675135256084,1.7263375740227558,1.246045462206121
0.6865629644159308,0.0529312497924984,0.4349987348584298,1.3234254699987644,1.50876765969442,1.2837885663992037
-1.0425758949263548,-1.444306947153665,-0.4234164011673722,0.2680075529554676,1.6749518565261805,-0.1522006754827533
-0.4977397075418078,0.5520892972294094,0.0104163317745716,-1.2042410450635768,1.5452107053959696,1.7349758779835571
0.9235529013457258,0.7317327003952327,0.8942706040223382,0.9589083993195452,-0.0565154182391505,1.7664280087436122
1.779040234219485,1.350639896942677,1.32428606053705,1.6294128136173014,-0.8266088543869461,1.2821325171290057
0.7587479767710079,1.289440772384141,1.844292585795673,0.7142240321461093,0.475008640188283,-1.7037435153406555
1.719669584266609,1.7820613607967577,1.5629548044976362,1.7858119569181363,0.2761800014835571,-1.2906341277559663
0.5970466474770129,0.9737972670001352,1.0518310470979255,0.6944642198449971,0.6308992470243657,-1.2892712771609196
-1.7939068169765295,-0.2202750020521625,1.6705318354322578,1.4234289741484434,-0.5355109232512748,-1.1675982647433454
1.008511334046326,0.3213327241140745,1.8895172427540372,0.2230191127739397,0.78419637635453,-1.4070302948596416
1.5257323238570646,0.2880521422770102,1.983620646199396,0.9340671982716412,0.8711842338003837,-1.0220865649177222
1.191776454103054,0.8214332576852179,1.315020994110383,0.4818649069167204,1.729795619521496,-0.4964335196298832
-0.4407007032304625,1.3665476759137605,0.8731369834498605,0.7921015976178751,-0.5081426856345885,0.863974006137302
0.3696138424398121,1.5495218669007371,1.476509537745785,0.9563143746617164,1.5745293653271328,-1.126795515794284
0.4598822807203876,1.2923846983218348,1.688801702358194,1.407681391110523,0.1416265901835672,0.5765416883388551
-1.2514277673290526,0.1185568945193362,1.7941398530295531,1.580844915523726,1.7636381223173276,-0.7122024936403667
1.283423647827576,-0.8675575462354916,1.903968436259026,1.4841096473705633,1.178534584423272,-1.1538975926921344
-1.2755712369395422,0.5238995046020904,0.7966914891915884,1.7029300216972183,1.514114646669113,-0.0543762397368914
0.5628319447484874,-1.226203613477721,-1.823033016820225,1.8994583660760893,1.5727031659972752,0.3151689125113172
-1.6032621763468995,-0.5408557838330138,0.4585098054851061,1.86733632683204,0.5132786553275386,1.7382993308607455
0.6092202746972103,0.737216073888947,-1.402089139670176,1.8064669273077527,0.9570149189568712,-0.8671954381585169
-1.7836063081817943,-1.690204829522154,-1.4017317870122905,0.0505542139878777,1.7433386147315335,1.660574310756295
0.900717141694066,0.6637494184765402,0.4351587696592409,-0.7938890500314605,1.9653129631465984,1.506088787736901
1.5730166679309594,0.6234386586292326,-1.4413222469180484,0.1889008310214595,1.533079176127003,1.668694225211582
1.6516244488672076,1.832412882335603,-0.2337325018565254,-1.5081574423194288,0.7374440406272231,1.729011722016062
0.6012359840111067,0.5778440812091835,-0.5268248161851565,-1.1661216819262137,-1.7860934650819844,1.9338415687491024
-1.7800893124805182,-1.7596231734799483,0.1100438987166902,0.4936679239409058,0.6218619593618532,1.8188948456764369
0.8583095456273931,0.8012669216821798,0.2262802388085403,-1.7930357513278898,-1.3784853966450723,1.8756696523296368
1.1366647366221132,0.8688797753091709,-1.3047704056906182,-1.2605900660557343,0.6697947115165763,1.6940729874548857
0.5351463341357232,1.52359895830183,-0.3173202091953186,-0.8062678295605998,-1.4204351307055572,1.967933071766552
1.2351135873818977,1.5817473571189002,0.3853113308456687,-0.3913018807203254,-0.2476693869689073,1.966745201033837
-0.9278985340562784,0.3664041112290576,1.7278475580541317,-0.6281183751575783,0.8591181380601117,1.9364284295286112
1.7125301381614149,1.2969235895219735,1.631008232313769,0.3601310844902008,-1.6840415164878002,1.9045931633794668
0.5607584001412023,1.2919207272309183,1.603659134879456,1.4845017189596217,-0.2308118426129241,1.3437655962425754
-1.7179433923773435,0.5314366480633821,1.5178725035006977,0.9674217522714424,0.673614914090164,-0.3788786537697247
0.220289882920729,-0.385632971210226,1.8598451400904104,-0.0524686127984926,1.6491074792244866,-0.3678012826898375
0.9804939241305762,0.3640046526421998,1.9081622667486664,1.7673217159079773,1.1973303123292809,0.2369163300656704
1.4933686099903072,1.706215210985374,0.971709216933608,1.2629199220142513,0.5077538388441014,-0.6144876613649095
1.4904546840140198,1.2939841321149546,1.6455696347485878,1.4418940321223288,1.594410608753784,-0.3092120485310923
1.388018167287342,0.9777953889363302,0.7379032077327083,1.5784858175343108,1.6103647890915005,0.0364711755741297
1.5406190348024489,1.2609668880472729,1.031269143593193,-0.4554337309911556,0.3907852230572692,1.368214291623594
1.0875353709438615,1.574374613110238,1.646782080781787,1.6812520847250323,0.3901556507167276,1.1600996510110095
1.1351572798162484,-0.2400013948906937,1.404565290801251,0.8511730052752837,0.961138711976556,1.4259598373486932
-0.6459997070305804,1.5569350475216268,1.7906241288171914,1.767400331222396,1.6782413027074718,1.3945870841100214
1.2749273014815206,1.8517769109206268,1.478310443793133,0.9978007801429944,0.7625963124910146,0.612236846197961
-1.2455722009873789,1.0682622784435896,1.0703336342070089,1.74782878283274,1.712187559030729,0.2100374666049995
0.7817559602313701,1.4195394667869632,1.7299226327444632,1.170523926680945,1.4127721620390354,0.7918430111501467
-0.5272664497786307,1.890350661613784,1.3576110646760018,1.6691806162959295,1.6717856476368134,1.4144883490119105
0.8142032923611119,1.6556618448976483,1.6145216822979291,1.637770920447731,0.836925986012115,0.5221406631245598
0.8254377598526986,1.6154525457936255,1.448345332122351,1.0635497412849086,1.816517737467937,0.7737931365837553
0.0126371217884768,1.8484847790616463,1.2404882768771857,1.2853654832777073,0.493417018257168,0.8604161996055262
-0.4519597802288488,1.9800064511579107,1.5324386515832529,1.2804521540265736,1.3921389713535093,1.5641557736952303
-0.2931576146821013,1.9330593821569275,1.4909541304284135,1.4853588078220117,1.81536365342705,1.6410913844873845
0.2235331751895549,1.9706927218234955,1.6453942951964535,1.749802606302736,1.190697921535021,0.628163349209429
-1.3060105756056168,1.976936553802687,1.385739071230606,0.7573439039704912,1.2550527491972174,1.6400614406199705
1.4239004652613652,1.3741682018930974,-0.3060670385609492,0.8881040290503687,1.1781047229351267,0.2536946196759327
0.153271413723525,1.1019687413627064,1.7547310089086847,1.2979915872484598,1.8332878751134387,1.575311188204514
-0.5958127492115192,1.1491262365017552,1.3280066456329085,0.6144093396194572,1.509354612739454,0.6573260524961586
