ch_0,ch_1,ch_2,ch_3,ch_4,ch_5,ch_6,ch_7,ch_8,ch_9
-1.5659581210678395,-0.7128043309291457,11.546649710082152,3.034837976344458,-1.7298727115239467,2.918753760809006,7.929808617154605,1.100373183194579,-7.560449107986195,1.4437928464943264
3.381396676267257,5.707845033861793,6.081559835543241,-3.864362837874151,3.819817548843967,5.522845665617696,6.082291293657298,-1.0892591144719068,5.400712022447054,6.619823270509227
-2.632763239898373,4.52115666365275,2.9094318039310947,-0.2765035234305896,1.5352409674549052,10.437466146363432,0.0435628938930882,1.299214360638772,6.836869921152066,10.094875068031104
-0.0785353969210032,4.976518285849801,5.6875596660879735,-4.327606204647337,0.1553440451253265,12.564607922925076,5.3280880072858245,1.5852678683470998,7.838690442600388,-2.4993311186041374
3.9902899279052426,4.652131393057883,-3.1996094453423773,2.527163326495905,-3.602981352532139,-4.56712440090137,4.814446535030507,12.357708532105336,-1.98060027594555,1.5149818441879452
6.870252872162655,3.380235106067089,0.7826175269716411,6.830474987533176,2.046171900764078,1.2937683730366565,2.9417974332162755,12.063216286179324,3.000028756924889,-2.740567471746715
3.785157363961101,11.858382999570098,0.8771544258811754,4.823924956239686,5.545289837688443,4.354304793866135,4.543972485937261,-4.225647280938053,-3.9811959571949416,-4.532885872167673
-1.480450845532417,1.139082871411205,14.249456784962742,4.9018089144549855,2.175789058014428,0.651018416699588,-2.341437353337392,-1.3047933914058825,3.722445804805712,-0.6538606437555463
1.547789445068788,5.075516013847859,10.146693889138364,-3.0867819704644317,5.283080384724808,6.558726038295048,1.5668522474556217,2.5284621848207647,5.8635098429661445,2.46001318022612
3.4357516842206723,7.632010082220755,-0.7166891256222736,-0.0284062655847223,5.5917877484701,8.669814209083963,-1.5925621925020172,4.624670169588432,11.94954680476037,2.2461301383510444
0.5946137581915528,5.861144603792123,0.5423046648791114,2.9324666038529266,9.192107515213502,-1.8757540944089937,-1.6729200554879524,-1.3999767302428183,14.210683235382517,5.36713755760758
-2.5721852029033503,3.0045375686073217,11.664438240466646,-1.0288469352623937,0.928965531327524,-0.3069086973480772,3.0224319469552734,9.914376725532144,-5.563829204443207,-5.271288626191963
13.727488163463866,6.753212612057814,2.592380660703867,-1.6906863735150066,1.112509580460224,4.755637564006653,6.130699507869794,-2.102747203984347,-1.8339088115817528,4.337098803916945
10.370101939998891,0.9895335482089318,8.090612131171746,7.910884686040774,1.6746520009081467,4.467142791821967,-2.419063137695424,0.0048052941299472,-0.1697971530308834,4.7964791756480505
-6.191881638586185,-2.1326620995145844,2.874169684275679,7.755271404108134,3.2538812135791613,4.787084958938779,4.031456293250196,5.13463416576646,10.444284713291738,8.478936943081647
0.1462725842316684,-0.8551877708355246,-2.132971647140041,4.82455083303918,12.64829693001742,1.8475322368474312,5.665122670769144,-0.8766077256733903,-7.100688160653382,1.2542151423050787
3.4249025447226447,3.2661975775160927,2.2854856728459487,6.119346831347621,11.290750194840614,-2.0268502499619965,5.857036306059449,0.312604951131319,-0.3787555617287417,0.2300224522809624
10.747018640311277,10.04145550678552,-2.7597900389846703,1.9696911885323487,0.871483081245198,1.7012549608457317,8.45700493883137,1.037786540631038,-1.7878566780673129,1.5111298693986834
3.485118847851981,-6.498602178260118,4.227321991201798,8.919840249199975,7.788226476898762,-0.7884474590368024,-4.73121322910648,0.1711563920096756,1.66794595631404,6.290908463630474
-2.067046977360987,4.740683497868334,5.509830584382303,9.305738876703783,-3.171232572379564,-0.3929327488119249,1.2041388789453022,2.0702461361268365,4.628125817969076,4.760821113275827
1.6301731900865413,6.37387605685006,1.42039331049867,-6.368000105302898,2.643703984705904,7.196804028531193,7.993112888505209,4.558634885826387,-1.5996341129197689,0.5420909307629663
1.540165186355443,-2.2058300220423086,-2.837841518530435,2.404013955023083,3.6440667559687583,6.382016889756336,0.5481636262561115,-5.153148379423411,1.2037876370297629,9.769910831675196
-2.528082041257191,-0.9868288927657612,0.3511690151633113,3.5159853721488155,6.636665717845851,-3.502755558667845,-0.7881914619883074,1.9704465265557347,3.924335304987785,8.349355746453766
-0.0342410218886553,1.0138639726288323,7.406607434402874,2.7303593861549604,-3.7456108269186794,-0.4461039911145852,0.0637429135214367,8.064968162315942,0.9154284481169666,-5.222018116914358
6.401253924522864,5.132785370325293,2.567394974567512,-3.399466485024985,3.009806096006444,5.2187994855332045,5.615785748484834,2.4086420201084686,-3.1284202825484195,3.71704005289886
8.817841655904719,-2.3525375883871216,2.4590318172590333,1.2476125584168,2.7931232512610618,8.505201028017,-2.3851871249778727,0.7445361331023721,0.8842599132401646,3.224054271790695
-2.4414004548283006,0.3367435678476175,5.676597135222711,9.828861527458722,-1.7412915251104866,0.3809556389618006,0.2281422090006304,3.834623794071532,10.806277905375063,0.6584916542007807
-0.6094260354856148,8.365499280236506,3.341237176810971,-5.12620823725005,-0.4090263120532007,0.8651611437565934,11.744054085058512,-1.0177888393104877,-2.449330319678887,-2.19852832804629
2.561039948434144,7.980473156321119,-1.7733163664580514,1.8648212863662177,1.3581370980938088,5.535720750354081,10.104034593906013,1.6874003267085351,5.108911635350029,2.683988868908659
-0.3842044317595605,0.9627377663432074,1.6317759498489892,6.1915755755930295,10.696139022822717,-5.041997383451711,-2.256423261804382,-1.095987128220499,4.986029329270879,10.486781667172735
1.771634792557639,2.724015950182637,8.94983395653134,-4.735188755631331,1.3936058907693571,-1.8958751962382403,-3.1642315669570285,2.2749152641421078,9.146297123959569,-4.910194789809322
-0.3386059941268335,3.71077788207501,-3.408405361582834,-1.2899726949142976,5.555730775110287,3.3356957604086994,-2.7838361127106896,-0.1984413236971037,9.79072600308391,9.27041332948159
5.859587201091608,7.234636898908208,2.107290446736822,0.4692038519177279,6.332254190694147,-0.7241514440662088,-1.612317246334134,-2.501335304167199,2.60224595643756,10.4772472681006
-6.338182071396488,3.3908043876162703,1.0053460293834549,6.780102989609889,4.2885774341404685,-1.9753939893002863,4.016443695777204,3.92283881764318,4.385755151815623,9.133691782403126
-0.9380277333235608,-1.745360063746652,10.411145481268584,0.9784971741889676,-1.839065338122137,-0.0270559134773094,4.5838244106073125,8.523795521210364,-4.0399989598671855,3.2183984351639885
6.746345100269059,3.688271937500673,6.77741487003516,-2.13461733556139,2.1993166389842016,2.9521957760866804,8.195994255237494,6.781239814613824,2.1251345818020093,7.841547859817689
0.4537863134246735,-1.978207034698196,4.151489733757876,8.915967906878853,8.538053322971084,4.536666855086268,-5.669903767707348,-0.4871592214436286,-0.1685006772858167,11.73571067860624
1.3043475900057055,1.9896415121245976,6.823658320772861,3.700856389751909,-4.148699987692888,7.905250898830421,4.686293067030672,-0.160370018303594,2.448467110537059,11.191931812742052
5.713554726329374,-0.6116818255626812,6.615711419845581,-0.967060443718642,0.9481727333593196,6.000591013520469,3.03855942647662,-6.020359387673334,-2.80465278987208,11.809532276449833
-0.2105122578607408,12.63384664215893,1.2424738163082525,1.357675258222444,4.404207396652077,4.559029785451688,-1.2831150785617806,5.402987494784742,-3.6920780690168815,-1.9916680398218671
8.877043972313226,2.398860290625573,-6.5352179311774,1.0325489778420691,7.582648393796278,8.391185425309965,1.7474031621680208,4.294038555923171,2.3484824682716834,4.218581800089468
1.136765477018643,-2.9324545439317045,1.422633396613917,1.9350595725512023,4.853910240203982,12.805992038509622,4.386482252605489,3.389312043400585,6.0384744334035645,-3.310099142109914
4.29263742960165,5.424450478293457,7.284765478376325,6.305733470269094,-5.2737476420383,-5.509737068014595,-1.191795439657673,0.5748944713663265,8.19479194626488,6.408131207481866
-0.0005871878453486,5.670642973445306,-0.3338314891112267,-4.447008588751735,1.9163416136127145,1.4392971303401243,0.4933627529678054,0.488120177006446,6.551983979143336,12.281554060344048
-0.6696284901917484,8.22051921995096,3.1446388793694693,-0.4253632346404656,2.939826178285611,7.75615341695852,7.859793688381197,7.404202336196148,5.415438030876407,-4.3093767243644425
-0.5517200940896236,3.605829434677545,6.918064642128224,-0.7833347088728568,2.986248802498316,10.866506669296074,-5.546605670387432,4.042016674598003,4.774718684180451,-0.8008371852416718
-1.612160877902133,7.76765924264743,5.987447105783458,-1.572959036222933,4.549470663557755,12.902552375492707,2.367421140055139,1.5363798432340567,-0.555123814764169,-2.9647954964256398
0.5111000361286359,5.525799036251343,4.740965307146365,-4.160917962852393,-0.525000055376207,13.9458035327946,4.446838276554795,-0.5037704632148925,1.8501275612129728,0.3876446813848535
0.7285555676390553,0.8433825956722398,-1.6922776968004445,2.4599786156277035,-4.61713785754618,-1.3139178579751003,7.063648808466287,1.9135113516617797,5.152951766131316,10.81494715882194
0.3691073756291451,3.4783936019445143,5.726815887709504,-0.8423559424011506,-1.6684848570598632,-0.3663824890781534,3.864596329899529,11.425203238095754,-4.011222103463717,3.552180073103338
5.586290121618687,-1.2989109049989254,3.206855117180877,1.4086648004849778,3.3462115588777674,7.624854159116152,10.957906594257851,5.080064880994686,1.024595540683654,6.821476518864508
3.74832793770649,-2.439507515950141,2.065589740273001,13.174008137462678,-4.227284858797678,-4.1529546729410525,-0.8885033817821879,-0.9707203742408692,-1.663221544803379,7.177599916035098
-2.613988820290278,0.0553980821740737,-3.8850716579989135,3.1074269837490003,10.900453058520348,-2.866149239265829,4.248809642557842,3.5262796028805306,3.368468471968142,6.710893420314183
1.0922029729451743,5.750523449468593,5.067385296434175,6.060393377949862,12.35748410297172,0.8781365693845495,-1.5021799432093896,6.289656497122977,4.335974058101076,-0.7879780675671348
-0.1898544277281371,10.526955788830564,-1.835268764717765,-6.515056992167733,6.383435561728385,2.2862228874252475,-1.4184999614784712,3.882231164633749,4.5759898953207125,-3.462668565337323
-6.305460672334857,0.2484009521312213,7.847821822251499,3.103947202241796,4.98048934996623,7.391265931798984,2.491281747925083,2.7234584782233795,-1.6600822646926678,-2.09385384135716
-1.9522587015868151,0.1148382300578183,-0.937601528617544,10.733392833930663,1.9120244935162931,-4.89566268907884,2.465028953592306,5.1443416093678,1.5165048034897963,1.4817399448740003
1.6579017318021296,4.8367420677263775,7.320996957929827,1.02266082436003,-4.092989694797844,3.4170539560854296,9.165031168178116,4.809861412945988,-1.6551652129521064,-0.2348789657879196
6.276452766425487,1.4326790112384191,-5.417685930027501,1.0473329157543425,1.0902088739454323,3.1595510337012853,9.784223796097525,-0.6402646169562616,2.749909062532104,3.813866362180876
-4.3125323525257375,4.099017881139043,1.1661305245859912,0.989975320969524,5.236012732134144,8.917129955392804,-3.641609087857122,-0.1240464733359937,3.532547621446034,6.880659417791656
-0.3640972481090304,5.780124756522,10.979750369844824,0.3935885692652033,2.047288978070554,-1.7520015043341703,-1.2786872083455527,-2.68180724661432,6.155296003625437,5.46242678711318
2.619404911245151,3.221859526691333,3.7516901225357815,1.4498220328729758,7.421165131737892,3.708260605693075,-1.4455242932196612,1.4452280976078098,7.632623170284608,12.325196921964148
1.411630151990993,-3.277206227819013,10.286547988128438,4.302088828191946,-4.943247225257528,1.4562200410378676,1.6896302684636924,3.2444925978032013,9.35928548811773,-5.4989713113158665
4.1383135932817785,7.77407983498344,-5.793841722707798,5.346817018461855,0.8505661312001973,0.0488048124857502,5.229931936552609,5.630180963268793,-5.359965001671252,1.3983833109503532
5.462163967953167,5.908173478713905,0.5497156580811764,7.092311602046926,9.6976776202856,0.4855149032224644,5.589865137123175,-1.5927948706521038,-0.5627483450740538,-2.320863154038689
10.364954035111133,11.284218530389255,-2.7312178387050987,2.2612315999014334,4.104634302655178,3.6680090935526506,6.763973340003025,2.701243157478533,0.7578948311619607,3.304995322653419
-7.725147893389311,-4.060627052095574,-2.9041844335154066,5.006094607855934,9.704884430934111,-2.925932387829791,-3.4134778153694114,0.9654493502566128,6.941369917024267,3.9341547349153463
-2.2341984845593954,0.4716154522445331,1.5222878182289483,3.638459674175609,10.402873435158853,5.19075077101708,3.975115253011809,3.053021032099533,-4.839605692822254,-1.3688247458121168
5.3022329863198,5.166611593245359,8.12346106460592,2.245899046110773,-7.524331721416984,-0.6188217211794167,1.0778245011169227,4.886096603200714,1.255229220198003,4.412635475209369
1.452839611016232,0.1937252707233983,0.0474228536791416,-0.5882301128585132,-0.2699570644764492,-0.3798708873647063,0.1886495128351882,7.471796411622259,12.593871069442615,-2.0041458642394443
2.5593771142600006,8.050383969714217,-0.4321605999796038,4.607914091858627,5.9816762589212304,4.147280807802734,5.746921068279162,3.615552548385453,-6.259129927683303,-0.3085181568413803
1.6643410122239086,12.71858053140654,7.495910985000146,-0.9894637078474542,5.93224389696093,0.863227859458098,1.1687589564720184,0.5243987779621491,-1.1439131776280351,-0.3223081552298397
6.705658602713688,-1.2103921335021,-7.503113703130033,-1.404175622819141,8.558855720700004,3.381487427341024,-2.2751288533347367,3.790191421910629,5.580847310423571,5.086101874150122
4.532298566566864,1.0868699461804172,2.536024567985637,-2.692164238617388,-1.0722931129066806,6.737402609071643,7.476629868344205,5.286999347717523,5.111619865054083,-3.920547667110712
4.326195155564442,2.0185724824096134,-2.3006596505312684,2.613818027360841,2.9438599435637807,6.8141091907023394,7.493173495075139,-1.616770740438895,6.393745451435029,7.0318307960187285
-2.186102376533769,5.8271078145409705,9.567434210571252,5.681667529804161,4.084270028813033,-4.716579568392605,-0.6113002966808759,-1.4429385320659571,5.608579040044632,6.618896124324861
1.2153210396830982,6.976610663791496,7.034732252756909,-0.4914961102714879,8.57955498801565,6.447573888029419,1.8283824069439336,5.586995672257093,8.183128079697491,1.8178924794322904
-1.6676750455676157,11.445136121525383,7.870082483653998,-0.0637671273208658,8.903388907221625,4.502220290084483,-0.3723993394547258,7.022918242554133,2.757831358996191,-5.651257104842252
-3.045217011600307,-3.162057609670137,0.7651272856595991,13.241466178326885,-0.4027166084604603,5.583327413966858,6.996489759498961,4.626972453759355,-1.9415002193159343,4.286695150471458
2.925994585246076,1.9548890119908264,4.737202810910542,11.719793832159022,-2.703286682988805,-3.2715054317506507,6.623918649615864,7.407551307907711,1.0048606275004437,6.416380711835023
5.67850154447696,5.034939997085864,-0.4455080234999679,-4.382913944267536,-0.3128464163313838,-3.937814345886499,-3.873710726701414,10.694575627566538,8.460200730586337,0.4701422548116934
-5.419955394502066,6.926974011657038,0.8492950632066973,0.9319038864730184,3.178225700582493,-0.3364755610355939,-0.1228344890936663,-2.5670676843279363,7.525005095506304,7.327849064442996
1.3948196267824684,8.759118590306814,3.35887619895377,-2.740563972796605,5.653803005093259,6.857239934080028,-0.4632024722369385,2.779999635886141,8.843726129907356,3.245919611057821
2.7199863720358124,7.337776418516002,-1.5722970734760362,2.0118235165504954,6.675791388478513,7.102267170600131,-0.8195471691380474,4.380622783155056,12.281331371180569,0.079351248564695
0.3233570879413863,6.253959684774546,3.108598793346211,4.807690169929476,6.944201212790434,-3.792702713862775,2.9123462878597484,5.125107231050935,13.554709685736,2.643747503413052
-2.073511660184598,3.140048496327907,9.851184956723012,-0.4058232409813917,6.15706477007895,1.5320860921532409,1.1252982634635345,11.121231516136628,-1.6054492184475986,5.217738053123757
7.0206653360981575,10.167767655777045,4.889153618722821,-4.390877413214269,2.574523556065807,7.9923171994872195,9.871886540035655,-0.9130378135395664,-3.4144417967791205,2.572420644978724
6.825886671488999,-6.235309464198611,5.03063970051902,2.446111396568846,3.060127611749254,7.525166001430104,-4.280353874350608,5.357136464507437,1.7065969876534672,3.171497262611421
4.199230263573796,4.864294218967878,7.17973588852778,8.984300169021477,-2.8150282001407763,3.399778168391267,6.019930392905006,9.299679313869522,1.786883388662355,-2.730123223742051
2.570479979399712,9.624638422605704,-4.660206114956925,3.796914210247679,0.8137160297732725,0.8554002076867965,10.391205490050194,-0.9171644010255956,2.767482878887612,0.3149748411366702
7.246012035452896,1.1192112383371482,2.5007714291137444,9.35901912664006,10.853133993277396,0.2775076103255147,2.598996706955023,1.6289823907990744,4.539369512798928,8.89162478664191
0.5754237080816201,2.195722434392569,4.583741876827066,8.465030944709282,-3.618243392875081,5.439619398469145,8.453609748000225,7.913309027979481,-5.165497870193937,-5.835581102005666
-2.8402496453162254,1.1448251607505189,9.024222345533996,-1.1932144126413458,-0.8347592832792771,2.3442830681993554,7.957181325778074,2.4721177256060005,9.57454443982704,2.767761030560544
1.2077677037383263,2.582726565662184,10.061338046518433,3.7371974874075606,1.4746668965168404,7.69719366703755,4.370955222642526,-7.302568041754164,4.54991756814799,2.023623674994064
10.55264201539849,0.9108288649670292,1.4438354138557856,-0.8693477897615713,2.9516688495717927,6.279220159843016,-2.99431504734838,3.9409659327745583,4.979699628569568,9.487921655165737
7.534983864401154,5.1254781899931405,2.4974610308877634,7.295967046542136,6.284752119455754,-0.0719591159446439,1.5951600652029736,6.6894715358628645,4.482288992023619,-6.942395032567706
5.797101327552433,10.583820448913094,-2.018026453746943,-5.239046820779994,4.179340048188322,6.202204613151233,3.811412408999823,4.492734851390496,-2.74665611889177,3.925143203828112
5.658470180808116,-4.176249396847669,7.288494387801916,3.915707056891,1.0285783756265765,8.907607728325704,-0.6051611348478374,-3.08034287626613,0.3545640105427839,4.432434666290052
3.7137228164691862,3.877968457231584,9.820810159492872,5.421888885152469,-2.016609783318616,5.922315991683837,2.786525893899212,3.5322411449546607,6.363370578562624,7.581756447393047
6.774607520646205,4.1569936392965845,-3.1372493027015858,-3.646424837254838,-2.036651613757339,4.789678999418991,14.833140581809923,-2.293796519164254,1.5160914651381874,4.7859333971141655
0.3112541846323448,0.5472430189852026,0.8111455263744052,1.4998365500376043,0.6970771074037497,0.6260715146441433,12.71878152326141,6.794569536606626,-2.928510704671577,8.73733222927616
3.3076413644979707,-3.778752741438654,2.090127399975945,9.842656298871196,6.994833774161104,1.9497412081102408,-1.50191521325086,-7.088942847577326,-4.271070727989631,5.774914966427803
5.811515395634659,1.8767226659807503,1.918707705509912,10.31182718268073,-3.670780163757663,0.4788015074011831,5.648875894942182,1.0543913303064594,0.796818105727817,0.3215932339108046
10.564556103012338,1.3822879808116604,0.1893511250994993,2.903950177963135,-0.4121489430590689,2.294467500960525,10.260660206309751,1.5248175202479888,2.0715466364702926,6.880505925585028
-5.7622508978715645,3.40308956809708,2.094262937549649,7.593329064301617,10.904277923838947,5.151956273831344,3.11985548152035,-0.1726947847682718,4.158211349673069,6.368747958542024
0.3109414351263421,-1.472501145251314,13.07327018972774,-4.147201452447376,-0.940089088079878,-1.6481867796931786,2.079302067981573,6.971366452592985,2.6012690612249707,-3.1580694495436847
6.347396204889191,10.197511180565208,4.045665856464114,-3.817779360171251,4.665831769640054,7.144729948132373,4.919876791592091,2.200590486565816,-3.071569041228454,2.2032574159824727
8.013009067133265,-5.462540625404965,3.0285874138207527,-0.6839280362703946,2.008712088263172,9.777947815174976,-0.7215547136499781,3.629933303983084,2.16664177982658,2.8717046162459385
-0.3328654176809805,0.974955042689394,7.261531592010994,13.275572591731883,0.3120220378279212,1.3815772089828682,3.0224132700511626,6.154723751071924,7.356973892788643,0.715672157686166
3.3439259029412254,7.371539945558253,0.6897359282771105,-7.55709454586567,3.97723127669529,2.278146987554308,10.336756310535424,-1.1604392563431478,-4.661207973872376,0.5732769944848433
2.8024107983984377,-3.950422125254312,-3.713393035435315,0.0411062658124814,4.732255476196277,5.437610413770607,-4.425569269767365,-2.623944959118613,-1.8609507750299028,7.565603329307919
-4.222564712087182,0.28546257818056,1.5977907526746806,2.5731808614557368,5.61762155171866,-0.7020386568825161,-2.1951738180065066,1.576495739393554,8.222437437718284,-0.6862809556287175
4.600731025928445,7.192107473701487,5.31504790890156,2.520396015799687,-2.007850076354086,-0.6183542796265931,1.5299051031550654,5.925845395580756,5.878996459651563,-1.3969171732855814
5.307366804171823,8.43562652450985,-1.6850136062862495,5.472755598528349,4.465844679664023,3.101443417051531,6.4352970659508415,5.089251844877271,-3.505991061945467,1.1516341434990882
7.203227462278003,7.92300644718023,0.5217010235034559,7.011466299232267,9.581735700928098,-2.8361893977528374,5.226553421348394,1.2702071475228922,-0.0140379357060261,-0.1760572876485176
9.24841649429448,8.546926940635796,-0.9660878783189724,7.6013159639111345,7.720097138746144,1.6868770894458494,7.579350555663309,0.049631581171635,-3.037511746006523,-1.485892432224026
8.764749044207125,14.467695582822314,2.630667242667618,3.635716741825185,4.858520666671555,1.0196050170365176,6.513609266554231,3.3319562167716,1.8809237694901677,2.5959577169153167
-6.794540669099783,-6.753981930329119,-1.8585090375204576,5.175507695147722,11.80984611996932,0.2941694619587829,-3.0876351978576864,2.867575411202333,7.603821010259541,5.242560508048417
3.031665950830699,2.9225502228604383,-2.5474461511999245,-4.124312997249187,1.57171658977391,11.39744726729847,2.034032043206493,4.461471745068317,0.2486730618818604,-5.507789407947957
2.991803596328219,4.702169102436871,0.1832626859220843,3.6535223385389575,6.191386567013922,7.040875603335898,-6.010535473395929,-2.19991839008947,3.201768017530138,4.322682264244784
3.5949651444198496,-1.9882818002424367,3.2845584449387046,6.589481149854757,-3.863089095045546,-3.605043853985026,1.6219826320505135,0.4323490951463419,1.2571647831468469,9.392225294976276
-3.808912226598684,0.8241109149921693,6.134977603864327,2.3949736214052955,-2.942081999476,2.465369809237106,9.717344750662352,6.358581278276695,2.0974384941843223,-0.29124684828872
3.658688436781563,2.876155391912928,6.593814735067938,-0.774356765208757,-0.0274424067513494,-0.4550668567539773,11.160487118174167,-0.2629271775772047,-0.2618415968828002,3.8234284477996487
4.492869661216274,-3.741923475625311,2.652270631347085,1.9595934019562584,3.952653863426917,8.923583890806098,1.8569334318047088,-4.541416414333861,1.3894924430846276,10.214511001014806
-2.6564994088116367,1.7153059518249405,1.3031525332263172,8.854005813753389,-1.6615133866707177,-5.301597361080447,-0.9033295944327916,0.7627808428880541,3.3024966670329854,9.305634368916628
-0.9188276300456344,4.539768330091914,5.216246782406924,-7.28595121692896,2.357156979467636,2.1712096935033443,4.539815954362449,6.547410926274194,6.252845043469772,-0.1758898543722356
1.7285961121923905,5.912207804474304,-1.8371634561753376,-1.0153867818892883,-3.2975192851804405,4.869522799610021,6.719911039188602,-5.10970918535795,5.620235767295639,3.5126209641109183
-1.4692206330668216,5.439268914708848,5.009360087773073,3.5322044738569023,4.127192004704032,6.930341411985239,7.41674164318372,4.1195086486134285,7.33233470032414,5.548783097145963
2.349572589777765,9.117237939935745,12.93791621306772,1.9595471962616284,5.089994251233756,7.682220132160638,-1.4315541380237535,1.9408070990436948,6.453347956382424,2.8206545803135867
-3.1716014074860315,5.742776396813313,-3.718579012402469,1.324142966316701,3.2442555903408072,8.815595275869185,0.6689592372426009,3.842654248634596,15.427478206876224,2.6641691053424195
-5.858069623969192,5.5296113472474255,10.444989829753665,4.945602025288731,8.79141899089509,2.756325006333044,-0.1939450328461217,6.527489897050777,-1.7823439176638858,-6.732110254664292
-1.8004970991200877,2.0560311461618617,-0.4470437001910105,10.499978392669858,9.691047447760155,1.5842916471376314,5.093644004472933,1.768392990132706,-0.1302313529806637,6.535285666662762
5.110407729580768,6.690523844653362,5.18065167921932,-5.478673090334427,-4.394483796224264,-2.904397204560699,2.4317823697268257,11.131361521867662,5.66835582192123,3.7029226115318754
8.449708391232923,-1.787579496630727,-5.874399455694458,1.2422490940733943,3.0627377713513697,-0.5313450003086138,-1.3542042770738254,5.554422607029875,9.532038899103298,1.098477346792574
7.521045281947601,2.999965465550406,2.7753016560908903,4.213049438413594,5.39733491170302,3.1029227222934725,3.8748685672471312,9.521886351960609,4.033761951789854,-3.779469593069657
1.4307579367442558,12.748825753037965,6.76364927605171,3.166762858146365,8.413961623377642,2.935167783178802,0.0368575709600765,0.0379429266111817,-3.2124731877939308,-1.4689651999075095
6.789170477695292,8.652001313808734,-7.770867019484199,1.3099134379421915,8.046601706906142,3.4774899398633528,-2.3211063834017445,4.749422400176418,3.714282852050406,2.601181511414545
1.5741110092203472,-0.837994259980619,0.351171569740386,-5.329182146406957,-2.8592910609873434,4.81520277119574,5.14785322354972,6.104083490205055,8.851322496762965,-4.119432754376516
0.783754482793307,5.354560970940149,-1.2540623106795377,0.6333725370350076,0.4847936837676621,0.302456990782094,9.51191502046301,-3.714371696708204,-2.7687616240170376,-2.100997287150241
3.9025723051827583,6.321062074917011,2.326811751890818,2.487043769386811,5.255107583579662,7.7625274111742035,4.362264262342401,0.5617842413227507,5.691608698164741,5.593232499915808
-4.582524062300762,3.82957737271264,10.592324383778296,6.130898061381386,-1.1241954599891932,-3.456823724285954,0.0431571477801264,0.5850754138493105,9.648943944875676,5.637419608922769
5.584957435078532,8.156867058991024,8.543234871357702,-3.672070997481025,0.1063334759183996,1.0688001236040563,2.720139203333795,5.969101761480437,5.542755928994973,-2.396353890230119
4.943119862644071,4.971671733456674,-4.178554278695413,4.4747564946839145,11.881778887915525,5.405844452613073,1.585454442277094,-1.8196281631536373,-0.877652585880359,-0.037206335362283
4.359564087065435,-2.8734502101997337,1.0692246726706234,-3.1900147255819253,9.980984644783554,5.556787690019562,-3.981434183822458,2.551582811642753,4.064731069472972,5.117569389263203
-3.795051426844567,-0.1010594262695847,3.908461244170682,7.403820271376129,-2.5471243908416747,-5.071419419255872,2.188767480247696,3.390535229463398,8.04341160095534,-1.2716047301715117
0.7901178367245585,7.041626972861531,2.6650205727406324,-3.2573008417443168,-3.1575095905540405,-0.6839811619571486,6.610191112091052,4.299660210827526,-4.124507072930665,-1.7859394975424046
5.890830708017218,3.93740665153115,-3.656394257058125,3.186531008811311,3.4563556567072355,2.833320218306772,6.167555429823466,-2.5028497821746467,-1.0355589944117929,0.0818356655872575
1.9440812859353336,-3.612248711297085,1.0506407991202804,2.623468967266108,9.556402849346524,-0.76169172036926,-2.273454680858704,0.0313063314334463,2.432466274412783,6.769457344107495
-2.5732055387453325,1.4154194164060734,4.922806446981429,6.683874787674042,-0.870397303178964,-2.619455505488955,2.3477369513672968,9.759919719163312,2.4315063629692792,-1.447922645603238
4.495874168357654,3.5394123132586546,5.757064417533637,-3.4509017496554604,-0.5497830761023574,0.0502658681422457,5.669013083584155,7.333484695377749,-2.534547317655211,5.190227533287078
8.849283071338045,-2.00951578600926,5.566121545174787,2.694614335851634,3.3450560794011097,8.31600255468988,3.442957697428749,-3.7109645315181545,0.5642371661690572,6.152847167291278
9.876534697828104,3.0389584632769706,7.078784370699218,6.246532937451087,-3.681240875251458,4.913243665874306,0.2608978709592745,2.2663953080366186,2.830550763145948,7.846812122543938
-5.040999515382835,-0.0927956199467299,7.684622159143024,2.350572076243091,-0.1769110414924058,5.480683807431115,14.664618871316335,6.028104790341782,1.960335415180797,1.5477406440167651
-7.696018609890751,-0.5643483512215697,4.210819229266016,10.719534183243786,5.707879983641683,4.778038618384983,1.045621379768143,-2.62826477630333,8.171077533389555,2.664821608333508
5.013203801487921,0.9309015460027034,-0.3837263755559504,12.404961644887328,1.413508071267784,-0.9409318021689748,2.470124574393866,5.8366672016839125,5.097670479809647,-2.9394991431635944
6.947504471242314,11.955208893330353,-1.1259073712256025,-1.020241622169643,-2.689751286982552,0.5974902747999913,7.607294540500624,2.946206047044816,-4.628669481782718,0.447849028471711
4.853863992121126,9.202496275879168,5.15026673572276,8.31060601545691,5.7469349936353815,0.6407519414365453,6.362924522033734,-0.1480947902334356,3.0190505878371527,1.1986598730541715
0.0619971837643271,-7.662982444324078,-0.150026959550469,1.5886670980519757,7.494985595668029,8.810848788304494,4.727968998176889,2.9032555202943926,6.118931004248822,10.762337432569792
5.729344854808307,3.1021658603430384,1.2791739462124383,3.3651599917530945,9.290519428502936,-4.805621112290661,-1.934841444428289,-1.4451252018499416,8.51726450857023,-3.841323399773768
4.377425996520004,7.409533913182964,4.099972491516021,3.7646596929858696,-1.1117156337646186,-1.947698380345567,-0.4952400002991854,12.932504032247694,3.781614992779924,-4.224798667947198
3.99087294537083,9.223807434532638,-2.123927676673816,-2.0487080148711456,1.568593639639038,3.68389220950757,5.248489649213453,10.205949913876948,-1.11025785009539,3.5597327113523063
7.737584818573453,-3.3656329969742766,5.063869863900718,4.895259222016847,6.211439283337628,6.905276312611979,-6.211859109163134,-0.0302970494263843,-1.0373361810295945,2.4944564035724603
2.6985997661531886,2.257626900727229,6.872195915342304,0.7778641276149195,-4.238593709557918,6.246693109188449,1.6581560223281866,1.2076048964934625,6.369561445551376,10.801664287476022
-1.8996487506093351,0.5869223720541448,7.376960005506357,-2.2518493173798277,2.4701196301627264,8.790895613629889,11.682765617986478,-1.1293155376090909,-1.5395027353993145,-0.2457421816911253
1.7912078133261855,3.3786868865045583,10.33895813804682,5.949020979663158,-0.1883347065398688,1.9909288209286544,-6.858898822410204,2.495441086481802,4.860180901460184,4.776045025743748
-0.170773190469794,6.9166109871504124,0.902488098764036,-6.044959939429911,0.3787207006353976,7.021020514304115,-0.0940996084640835,2.114942226918111,10.5643665008646,5.042060402066364
-0.9308377026235108,8.043017455838637,2.4318869334545328,1.9515841311151625,-0.0861465465679442,2.9679075776804225,12.767600209655516,-0.5355390669381421,-4.457088536292093,-0.5967537259084228
3.971941761329461,4.5597654063231525,-1.06789087291241,-1.354684501826663,0.8164441987885809,8.396788698685613,0.8981271929302121,-2.8951641039892504,4.636804461493111,12.017434969863093
-4.590462823963259,5.586889744011186,4.475247526675259,2.79384399035852,5.506468289067599,5.35706631298504,-2.535447374541552,2.7951600962180887,8.403063300155024,7.617673191125011
3.971733465448144,7.032051793696194,10.202282578950864,-3.052892814247511,-1.4263195626035328,3.111178646450397,1.6494265884865449,2.3617274567567748,9.783454494423813,-0.3667905175721688
6.429134406732198,-0.711071837264768,-6.418539317464426,3.0847925237562546,5.581563743194615,6.714555855393898,11.07574320286972,1.2460302931678746,-2.446734616036743,1.5428535516145894
3.1429188710910223,-1.2292706523706172,4.271652740032379,6.374748392860322,5.291788142176578,-3.2068213449442085,-6.409926593685533,0.6893728345987692,8.39328018602792,4.384843280776025
1.931485596940248,3.2500042724221467,7.094166110533511,-2.771669234274407,-3.969508940690724,3.028396435752828,2.109520968519767,-2.119498959131005,-0.2540865569025918,8.528382026229213
3.9663223403207946,-2.6691439969754733,6.891104415479575,1.4999523416757587,2.2987382780780345,5.341540251897224,2.6396973897398355,-1.1222615641357108,0.7991343654521944,9.81245253840229
-1.9094362824832387,1.7093992481301907,7.445972294032402,9.351877987602304,-0.9450935655875424,3.77257008241124,2.326303937723847,1.3448095527757908,3.354517238922917,9.251987669050749
-2.308172318629442,-1.3088882405416016,11.225303254062148,-0.4785352854175545,1.304264435116731,4.080429102748271,11.600156019697517,3.730169867431507,0.6635518916730294,1.4585399215366093
-5.237621637294513,-0.8267423390524657,6.855182633205224,8.93468393513088,0.4032106571456781,6.973902693254974,3.256864719547787,-4.1904284706906685,5.041728700707661,5.918022925689586
-5.894977429549987,-1.6938394866823594,2.84541169652092,13.072911712082275,0.8956843263370281,3.2517796898280418,-0.0485692364992858,0.3178730122487251,4.492648137497715,0.7121486578352837
2.001105157317444,1.64685865518419,1.6242964260906645,12.320258225735683,-1.7978853429551036,-1.540227328841893,1.251877607049813,6.062062562513519,1.7695822900589646,-2.883810743111677
4.341491001048183,9.84757747181771,-0.1246919839443199,-4.782410595229803,-1.1589538105579311,0.4480793330269667,9.519569080383835,-1.542016973704888,-0.6843429819292972,0.3327737550541046
4.240564457840884,-5.527972276971661,-1.6467134081101724,0.2711762216512103,6.640094941951739,8.064099894681249,5.739526864452462,-0.740714574104295,1.854235315638606,5.461439600280061
-4.987009586733355,2.3438254221844788,2.513253575609781,4.597555451560694,7.116905339201608,-6.316047196986419,0.2921550171798251,-1.2028749050593366,5.705159264108022,2.498398407579661
0.9309075794738776,1.823134560328234,7.384779221864503,-1.6201246115163246,-3.955873839691964,0.1163915699057366,-0.2558828452379529,7.275027895362331,0.8034406617105249,-3.549126768012884
4.700391031250371,5.441484909500413,-1.5780936426001813,-2.9556793686549843,1.5650178427238284,7.102237599443647,5.785368224316336,2.1453548385294208,-2.474647891864356,2.396975564022032
5.690944863553995,-4.007110886625245,2.0061034727711373,2.072665352319133,4.427791075275856,7.082953784556748,-4.545664134923303,1.1656038424598587,0.642915091455904,4.231425418268199
-2.768746370840221,-0.0324365863331523,1.608105312561847,9.037330065802845,-1.6205771562569982,-1.953936299025296,-0.677247876755092,0.5933956338795079,8.855646802745381,0.4899800933107909
3.5174055155298163,6.758613353736068,6.450358294307757,2.7345040430618672,-0.8978928661836385,4.881444417490996,8.676022020260332,4.913811894273886,2.649749646525505,-1.3023687423851975
5.19440823245548,0.2527291046833611,-4.518907110459121,2.4778894013809265,4.558856599526136,7.711608078573121,2.3531615963265797,-4.0325590118958665,4.252020812024989,10.257389959529032
-2.653497370914436,5.737541306942083,1.8220837959121503,0.7653231008043938,7.319522311125028,-1.7749542641890703,-3.481417040186765,-0.2238632124605075,5.755342315588853,8.562845373632774
1.9963969163516848,7.198465147488169,6.005133931098198,1.1355757626810583,4.533468855372168,1.5383397763975692,4.285253716963574,7.977617649529503,9.49829044546946,5.127449203958772
1.7105645948961352,10.389398823109856,0.2630721922661944,-0.2903113398740182,4.764069824559404,12.68423729191934,-6.107411371835588,-1.014873596601048,-1.335722149348153,-0.6415888274327002
0.7864357879833646,11.600242705099554,1.8710318608978092,3.4090424837684403,8.621163329762581,-0.5495904795076041,-0.5474221417174898,7.90654056862395,3.9701605761314025,-5.512258823392978
-4.373093404374294,-3.8434174446166014,7.747873405724007,6.404255525300341,-5.954557618434602,2.0370588864698007,2.07981064641346,8.456920241065944,0.9816382698931164,3.8275779904214207
0.6844601514160631,0.9390639244483658,2.774099120845635,4.761195551537576,-3.396183499477469,-0.6795590138756289,11.286925874770994,0.0010887266347836,-1.613007876672384,6.542650671337837
4.462765765498349,0.3574006053151269,5.016785321998955,-0.0710086240844391,-3.266346919233809,-4.028164336410351,-0.0286116522037774,9.127894528848431,5.75445799207059,6.479322851507225
3.891352734174176,6.45233668634026,0.8087185758247853,-1.1982517605492606,2.68555506691986,1.1300427982146193,-0.3448536625041073,2.396093565593686,12.3137859959791,3.161457636649712
2.823623590516331,8.495208037152592,0.8863251628188691,2.2988668699168384,6.094832968579447,5.9844698224675525,5.215574923765532,8.170969812607105,3.1798371243381016,-6.125189533364434
0.1397311989300036,4.192225228250923,15.603155386002246,5.024880744319104,-0.6343957011675833,2.024591116157399,-0.9574105737211136,4.411323654148539,0.8167647413474648,2.381274126114828
6.654045161871316,3.1599115521552466,-7.338279363904081,-1.063202006059069,-3.92618887567778,8.710529233953004,9.15063244427568,0.6506979558505914,3.7134511187844175,4.738248067929762
-3.995615128565353,7.899650392692082,2.6761721984994344,1.837478419071997,4.926926180615814,9.55591797250387,2.69851285517971,-2.2379193630204366,6.0313321775809845,6.013318164419176
6.227495799462579,6.220559836082438,3.0342041099036225,0.6404330051379817,6.897302273008787,-1.3565948246479405,-4.390508647246356,-2.703751839560089,4.603413650092342,11.820736290540587
-3.954492237236293,0.7674361928909302,-0.5291905989968841,7.889073585969376,0.6080127979815082,-1.9984501054785435,4.530304472799342,2.8743564912284456,1.863018981530764,12.208266774348877
-0.4597536447135045,3.651935253289054,8.40995803173841,-4.48747237179064,3.0514972479901186,1.8256327459365589,5.8320940046668746,10.352911968832354,-4.14898711637698,1.3613964767376456
8.873776855278605,3.199697419992296,-4.558208962633818,0.3092768409391492,4.579719232264454,9.30295615703582,-3.820204782169277,5.492892557365408,-0.9549385991061254,-1.0984768455381586
7.219468077102483,-1.6301954962570453,3.993878719910092,2.9766633699849163,5.90709876376967,12.588740588034266,2.254367243934356,0.7737366732389339,1.880003963143732,3.964339645511252
-4.168990816736228,1.5846197359711784,6.944693651139451,6.882906736157056,-7.618526936902295,5.69586852187296,0.0344958773900784,-0.7967292545485858,6.492581950265564,6.12102534148755
-0.8183212549994623,-4.403275311927456,7.46981605183152,2.7421439188324586,-0.8251780140238707,0.5637868373044209,10.305813229786017,4.759281698584557,-4.01398848425614,-0.5692916730087647
2.6465475808405725,1.739296479482182,5.8656928925006335,0.6871380948197203,-5.555354332966654,-4.034863195342534,8.162579159495841,3.9084286490494384,1.374702320054161,3.177355132578101
4.531178489282684,3.725884314507406,-0.880909315475788,-1.1397360997506694,3.9554162116012974,-1.909540070020412,-1.6002021536279636,5.118441015389578,10.692388516663428,1.9410880830010533
5.6908767007905405,4.906859163957567,-0.8416256856236788,1.986926822341057,6.467493472778705,2.1312834541945205,2.5859458098534787,8.417395983763178,7.976120085913676,-2.9271911088648
4.894972925506564,6.156309731832917,-2.119458845962414,2.087446266625333,13.636079692819328,3.906167296005538,-1.3274491676476956,5.135511492162772,-2.638428529941331,0.893037057471482
3.412764132163924,-2.05488045314138,0.5750658277085368,-3.898375661106656,8.287056268992025,8.27812656856807,-1.2031863953881194,6.912651666171507,8.447679047773981,2.582428604488677
6.47049561333815,8.457714380846145,1.8533655991748967,4.698631964358445,11.135892186490702,5.695452183666919,0.2554793520262615,7.338237229822491,4.537651384593331,-1.499173442455573
5.570004283852761,14.556889226955835,1.2125444430644847,3.1483277215540544,2.8866581013310584,-5.405870965444252,-0.659037768831841,10.023063381543729,2.246198834320002,-0.2603101492311282
7.885919829114912,5.91722972817438,0.3961809567945804,6.6653389463336286,-1.4521363079595164,-1.2015423825901623,-2.531593690360866,-2.1315539346554075,7.345218520586465,11.600283311310452
1.935588821239472,3.839865590068283,7.246134693622563,4.337452567711371,-0.3742068815246799,2.86475316113916,1.4928049452979066,0.7957938616372771,4.048330945910415,14.573260368425355
-2.5318615113685583,-0.5605644919077296,10.263261400069922,0.1590803119825867,3.2677319984480517,8.905081453107213,11.424387887278131,4.83561321690829,-0.4195026317097577,-3.420218956171781
1.5615527109681977,1.3137254637638982,8.247040688803425,11.743337235423294,-5.055061011477073,6.489118368279243,-3.060829805868225,-0.8456411246090093,0.297384404726732,3.162906218474549
9.732932592393151,-0.2126191724740492,0.3489132935603823,-3.619923921173928,-3.4861164235112145,7.99484675449896,2.518600980073011,-4.822513558681206,0.3463049127561579,9.736390499973794
7.590654341295427,7.956508121228444,5.822145459629272,-2.8867177363986927,-0.2597285498572515,6.162281875047206,-0.4232844534647029,-4.008501818075742,-2.270788626088702,-0.6562597498323575
6.825870805269594,-0.92951476343309,-4.533225590349746,0.8372629229307225,10.184247247297709,0.9527473023718668,-2.277067343437999,1.8119290103691537,2.351792047375709,2.5001795709499373
-2.9587315222264934,-1.2945167791593677,1.422253410811282,4.64621624377633,8.669265189103532,-2.408464071132253,0.3002381974922887,2.295096710588381,8.846523106174565,-0.3408772093405006
1.983191486219978,7.281792553965197,5.75219150047132,2.2703244537537395,-3.8873847079297983,-0.2150443101312555,-1.0361407916314265,8.573695576296718,-0.7808749324327456,-2.369638582806343
6.950520184097053,3.8140240879240186,-5.26573030474951,2.760169189829929,1.4632530697063892,2.305141713432355,5.980854349631144,6.939287504451489,-1.6166629192025894,3.01189871274659
6.566792146403349,-2.3978830264859674,3.942955548474573,8.388973279749433,8.04465094452051,0.4449569605156358,-3.57698833519526,1.0833868276167045,0.6024026215589376,2.964788066537169
-1.02379093443111,0.6004301772808129,5.1800807702915375,6.39751382914398,-2.678176279613982,7.1029731733105095,6.983029920145394,2.408823030155283,6.08063798437106,6.4152406077647655
-2.346846930969603,0.0944178518081364,9.216059842863768,6.70858566295912,1.919538201908043,8.802161638774008,7.642503881642081,-1.8443979248171665,6.770552452309967,2.4875218727706225
-0.0318544173820701,-1.689291135655582,1.972591301382813,15.514585172809168,3.218800162343012,1.2678280303802023,2.377776654488424,2.8758901483820467,7.80377266612505,-2.210398267673541
3.473773924347761,10.150611493406236,8.021413498156903,-1.5339243201432076,-5.329047229595114,2.178603134485965,9.96335391676532,1.858120920185844,-4.2568289465516695,-0.3983990768265661
5.189898787622182,7.207414106365168,-0.6533192345895056,8.584125389006063,2.994392754809655,-0.4367779709801573,9.109991690772857,1.937849975638528,-3.079371550186061,0.7514988477026837
10.546347338510255,8.394165693487423,-1.9741510966293536,4.383550182612417,4.904844440634746,5.1795279239095775,5.623183008208703,-2.114878095224752,3.4241803731927427,5.563206458555336
-5.647348397831352,7.110599095783635,2.151921652458863,1.884612368463448,10.639190631872829,-1.0506577083750908,0.8203394544843933,0.843980304457552,4.426666656153547,7.626097970177375
0.4872778263182622,8.167514654598145,11.253793357141074,-3.120068428270963,5.331837483445466,4.59399850520665,5.619756169924643,7.787697503152741,0.4226115082045756,-1.569283904216347
6.070422461670972,5.936483891934021,-5.731336331414706,2.156561141693914,-0.6466560806337824,13.42844261156032,4.629432657021795,-1.1662407100592949,0.7254686330900676,2.586870842244008
-5.001170850199356,-2.45081052504572,-0.0081429389279237,1.375381912988963,8.814127041823681,-5.212053533709698,-3.434459428842732,-3.3548573483256137,6.203685917096133,5.49047552904842
-2.7954790517324954,-0.4982331096221881,6.863215696727206,8.109647129342775,0.4089285830725278,1.2028793273575047,7.400240239426615,5.906207624400206,-2.775072474131792,0.232685411074046
4.60591705550631,4.168715207125743,6.343636252652814,-1.878033248495753,-3.5135671751923896,-2.7015548748896987,9.695615195107791,0.2609563301125899,2.021642661399,5.205851016508203
5.05165503466837,-1.634787298502368,3.0463411233381152,1.3143589517923442,4.090436206507797,6.712031861703706,10.40655319711786,6.396783631943266,0.1548979055584787,6.1975752685651
5.347478305867798,-1.3078117552246924,3.3138652153487422,13.16814885712252,-5.434823042340275,-2.8526188601721416,-0.716874827805035,-1.0293852195083035,-1.4556764047805382,5.857239696039263
3.0028935865704627,-2.655753017792033,0.842573759902266,13.65366742919106,5.754561896424366,-2.8665217278785247,0.5029538992494081,-0.7933417227713414,0.6459977139864082,7.235305487193255
-2.386435809664699,2.9523827620062537,3.512813483406574,11.88415303893836,-1.281676227487193,-0.1315597374861887,2.131893732823137,7.159975772871992,6.185812271256279,-0.3920553431048483
1.891917223969718,4.192615043890216,7.039072888160869,-5.383788466951559,1.993701020806336,-1.2654178053839673,9.817182552437975,-0.7525852347568689,-3.20708049157378,0.94213200471877
7.104408202377266,-2.197617741827708,-2.211125680518334,-0.6059797030602984,0.3850790408505979,9.64150056168134,-3.2366753668290555,1.0579959025639574,0.3956084452587795,5.854440561615029
-2.4103772482333787,-0.9412541910308686,0.752955774529409,5.316452983477998,9.73302063067151,6.087802032119315,-0.4169985530626627,4.193127688379413,6.977304394294334,-2.198601364144831
3.404647988472773,9.06736649024567,6.165828017468059,1.9300164719428377,-5.126638271769397,-2.516128306199739,-3.357592548725438,6.074539867612207,2.384433291780889,-2.485811405621636
0.1145001836224027,11.130458998249692,2.301340929401434,3.7061580982695608,1.083651751119054,2.2019865662390457,1.7962463908191566,5.586702792881389,3.320791109167375,-2.8345196710852623
0.226151642973167,7.088424321274753,3.040287798534105,-5.563360750681585,1.1339689257861958,10.7608553863625,1.652320187652914,-2.456471500424616,-0.450111079890676,1.5591401400502205
4.875699655694872,-2.800666389581708,-2.642721591419457,3.5220476260793143,3.32206468030652,7.575982560253062,1.0172273916022214,-4.026396618883117,1.172459100100541,7.311031548164222
-3.744101657228506,1.7420072556397208,0.4908214336991787,2.5337943845443465,7.40829495740883,-3.931091600938246,0.6990339277964851,1.096292322170607,3.8128296473375385,6.814001033922453
-0.3442743375647049,2.8044366241693743,9.62273888741248,0.3921577859872592,-1.4212729610926405,-0.6648452456533817,2.541211941838385,9.54169082241155,-1.1636488541127252,-1.3782315205644418
10.061817068263846,3.405640043907022,-0.705962227792116,-1.450000495922095,3.4911645020731856,9.353557754336563,5.423217042086094,0.5715514527985156,-0.6184227409911538,4.735381663450296
0.4956593174909816,-2.8734729505047163,4.152799870192564,11.161868318034625,4.790486509392392,0.570671193633771,-3.2760344398925536,3.5941019667864365,7.502978858492354,6.33991803502448
2.6007479886026075,1.4775859572078989,3.1832977213869467,11.747301655997662,1.4431805278741052,2.80338740377886,1.3355231727701755,2.5380558927064816,9.2036110791742,-1.259174935903013
5.111972417263955,11.537422108556251,-3.942189278606395,-2.0173847867620296,-1.2952675105813831,1.7158931856047437,10.726593447065214,3.607016464510455,-3.462175010435302,0.5399842668523449
4.480871726257081,-2.5423954435170155,-2.399210991596439,0.3001644049115043,13.404938165205683,1.907498414951533,-2.2420938852388685,-2.448178992857205,2.458132509970106,7.328074295947169
-1.4905321549910313,2.1446904225780004,3.302702970665732,5.650018263423956,10.205779103376615,-1.382008580943483,4.238512553299156,2.791998769309128,3.072973446375302,8.085473350169613
1.7434496457844315,5.986672699961289,8.065476723910034,-6.552276958372555,1.2694682000207405,-0.961299847622906,3.0747236274347243,11.71697133100169,-0.8698500423653261,1.22286443083522
7.618322573888896,-4.93516176840091,0.8687736932484597,-1.2842901116894607,-2.2859961534874147,5.544940899654467,7.882439341968783,-6.83946491586708,2.350331367284468,4.2438947425294185
2.925572842134053,0.5045310941590003,4.064303400050141,6.359758649372318,3.127509965856795,4.218764486252836,-1.9084055609508472,-3.417714390738486,-6.012038353707253,7.53493805830111
8.806797803568044,10.6577879460235,-0.566951407810162,3.928452018950692,0.8542905636401215,2.6897368684421545,1.7935226558469708,3.1087389345816105,-1.717413791665387,-0.4080072171876489
9.040964665228772,0.9660708480659967,-2.9868032078126925,3.661007225092346,11.17739545651353,-0.3280479827558852,4.8948903139638,3.741068414086528,-0.8156064886829437,1.0856933299656746
7.995324992119971,-0.579312926787607,3.2651218286609964,8.548422305617175,8.469225789935313,-6.087166753958928,1.4424277300866066,4.221447580829925,3.6944116947840175,4.45116767343364
2.7507572657347548,3.244754757132447,5.775552359657882,1.2318757225423138,-5.035875207579944,4.513109921655672,10.259174988483116,8.11489878727585,5.413728858969335,-3.3834393892722145
1.491334752842718,7.788574477342187,-2.1527478712804755,-0.3200517420911812,1.4941985724665985,2.321569085908876,11.2433170770573,-3.049800335999331,2.811734545991879,0.1088683427907893
0.2182533359551884,2.598552011704724,0.9513394070475966,4.243232421289493,10.69470132846484,3.282501197047904,-3.5050423727426008,0.3121801700434764,6.871027087638305,9.393554123246048
-1.6294307587644987,1.1501186006051536,11.842127005575929,-3.418962349364162,1.5843171605407609,-3.386226593437683,-0.9472087283698516,4.505045288039383,8.411913156774103,-3.082531776560129
-1.0629097554518518,11.654710197746708,2.208469449823265,-4.012196242384369,6.088000064868524,5.135418110650384,2.6047665804309275,6.243120769212301,-0.1403517362961958,-3.401812904053684
2.990249074093569,9.705018040538675,-1.9596286403537817,-0.6977641917976792,-1.3402834655138498,10.999680365732276,1.7684699771543968,-2.7808572306664807,0.646384099637242,2.313921421388514
-0.3752475412834936,-4.642605303127848,-0.366249728219596,1.3974047475804543,9.374344919960784,-3.25541953578107,-3.484596075060713,0.1728278756074754,6.324499630222125,7.759276195047557
-2.948206084644363,-0.8594272713197686,4.744348209866407,7.923497240156699,4.428702871827367,0.2418472953891623,5.688343637238226,7.517744381325766,-3.08252757103752,-2.109673626087841
6.912008680198201,3.0979796218483284,6.059159841358793,5.50228066484417,-3.786570715754248,2.8515616816355114,8.099446216785529,-3.9648733000922665,-0.9746739598847912,3.3902027333018365
-2.461976777433285,-3.227577507945938,3.1677807727319025,2.8585134545968125,-0.6771325221038706,0.7851281141395843,8.713626554370224,5.67402741731866,5.192124483109831,10.082506612257848
3.902838322614961,2.460911231937151,6.000671093055031,3.994934597145296,0.4490444354984428,4.066041463426519,10.995893879826973,-6.056362845947213,-1.5130841625551228,6.052653611685024
11.09545625901872,5.551198625319235,3.938616055344367,4.830792766782882,3.129452934332415,3.6204150014853806,-4.102970212755068,-1.923129401913778,-5.213667316779424,-2.187073692104352
-0.5797929819108655,10.127671290407797,6.81888639159626,-3.664130209071503,6.02029588881953,1.399130954239993,-0.0146074617771456,5.314531196632307,-0.4101820144592559,1.0633146036159185
5.780063761873604,2.4193576397301717,-6.528243802185308,0.8520663572982865,5.83498991575653,10.851730532371429,2.817429413497774,3.980054584199295,4.08166050380037,3.456031020436824
-1.2875446253026932,-0.0192969829136982,0.6074020873669402,-0.8440384001868223,-1.2036031226996795,11.904971528133975,8.715804763155797,0.0517468910375809,7.069584550668109,0.4855312139044512
-3.654230808299234,2.488242520995632,5.829014755357758,2.647785637047154,4.462193644785192,10.680543850933226,-0.969407916119142,-0.4635857168409318,9.642434905641409,1.770919007889154
-1.437038272939825,1.6206640866021913,10.531775381142944,2.6061004299425177,-4.740813036399516,6.592621250958078,-2.566337085495853,-3.560580516408677,5.214414787831808,5.149943111769497
-2.78220548258776,1.309667984195206,9.945426408382737,-2.0932273385033087,2.962765138208551,8.868544310372931,0.2013696819753589,0.5085985339428278,4.902114307368088,5.0409805073092695
2.1766198179291685,-1.0060456551710664,5.640905632619583,12.416814207403672,0.5944125449160788,4.0723433464941,1.6031111496631674,3.946878222393362,6.352839226632321,-2.895247379055035
5.305789199516134,11.765759780681622,-4.1127493213334665,-3.598413832664785,-1.72484340459836,2.856350282969395,10.36735383997044,-1.2947543843713332,1.6600742789553893,1.3828295737453329
-4.732740069877403,-2.206929178112093,-2.11108081743885,-3.0219051429164847,4.50660258281282,12.21268552171387,-1.9188494740050923,0.0042062017476516,4.071768870172684,7.43576465317574
-0.6632775166032064,2.552438547892366,4.295303702571213,-1.0039382857553056,0.2859882063443482,11.70011787173372,6.389011264638359,-1.3518117482075394,5.531043238635736,-3.5490826792295818
0.154857392923647,5.146782035587371,3.073211059621967,-2.031074510572933,-0.0611703909182104,11.506134811114826,-0.6217695748997148,0.6626503660725175,7.322560344595439,7.066869530570799
0.0389557135252443,7.2280468531389985,0.3147462889750879,-2.8898639365205185,-3.250873461734571,3.4157623088714617,12.48789461315048,4.724467109660146,6.08925322069286,2.1599789955014184
7.662730752681238,2.3980731592676205,-2.8945172247132733,4.150921028288127,2.34043417521085,0.9299588662967716,11.712573561095676,-3.7516654798661615,-1.206453087828559,-2.031386164455557
-4.105717076455141,0.5105094061991811,-0.400147798990676,3.835120547511969,11.76746474231663,-1.5907434104306946,-2.028972733509584,-0.98691771802923,4.727126392543417,8.671685253744167
-0.912760536613188,2.353729301437977,12.002806890824372,-2.064262017267587,-0.9258370979419356,-1.9477160683874009,0.8283153593461056,10.576503372556177,1.308535719536403,-2.065058092923049
4.3999148906520364,7.857721444865521,9.515833132709805,0.0176217872376419,3.80839354175377,4.015972585045515,5.202924125172356,8.282713345605005,-1.5187747070049584,2.848555052086876
9.998311826614596,-5.62994663287958,3.974398865756727,0.1384704031648254,2.668778889766916,10.669070548864124,-3.1375218333956423,1.860092544989955,0.5860255142513083,3.3626891696985983
1.3300684320620004,3.169147685599562,10.371043950821752,7.876017808940275,-3.726135911231832,4.327658172922763,5.469667502410634,8.59786878100529,7.929065692699292,-1.8632140636391623
1.962225031848324,7.936172192828279,-5.66903023602465,-2.732685183126133,-2.240357503892329,5.015231273499031,6.021780518588055,-8.201930142313536,4.365171212483642,1.269216363770724
2.3760907621049414,-3.195983128029705,-1.3176795914627286,2.6649128284071595,8.916883205459282,-0.1740374869090183,-1.0024276876733575,-1.4259588099220817,-2.232421852131247,10.746074528496289
-2.363269939768031,1.5847318962147183,1.1031759800137144,4.462260031635416,8.688021979917488,1.176627554363339,4.028878995932683,2.8979540958842693,3.0304360983992598,9.288054084139686
-0.030063936746919,3.36830070269546,12.09632845180515,-1.2401973312400745,-3.1832406259106043,0.1114637391748553,6.151374495331401,9.23727217091922,-2.744023995811203,0.2670518618409431
10.878202938215068,0.1439574854319842,-4.407199100877825,-1.6124188193222149,-0.8962408976636079,10.383236850161492,0.2915720544344133,-3.628123237691024,-1.0936887868230925,-0.6040500212348918
8.780016687843009,-0.9619392845880752,3.85748396369676,3.5317254382415384,3.9867993656871312,9.134539642072216,-0.96173681087905,1.4207187285413605,2.948913409436923,5.691068163677054
-3.3632635620784,-0.7891476049853436,4.129509845584913,10.22093385561323,-4.1024073464621,2.282530790843025,0.0089425054348476,2.0780686072989147,9.892262526825425,-2.8776588927177613
4.301232859224828,11.738430508091293,5.540045282036227,0.9911821288165888,2.787949462673442,8.300261845491885,7.300822224893258,-1.8147162377398744,2.574210748242154,-0.0647975399680981
-6.274655991478912,-4.367377576935352,-1.404194515531132,-1.7345932018962815,5.419662983257556,4.084310820401667,-6.451759322898106,1.9856500411371236,7.765702594073406,8.288322314044308
-2.0962597667345757,0.4308447934582932,2.933444717244067,3.855188908793976,4.8181840648977685,-2.739361533016515,0.7641326682100708,-5.793504785988325,6.151771771718742,2.659928347968445
-1.0923323864884673,0.1035545317332906,8.330363836873708,0.7853424009069068,-3.389197030193631,-0.3694079604106742,4.9613186139511685,8.047828723877586,2.1041189792600545,-2.28513894190239
8.502445854330336,5.250871992507177,4.1946593154136895,-1.53623871916921,3.435737547713508,4.401173542946545,6.008688093015357,1.3740751780811762,-2.9696494291094706,3.8887508316780792
9.909204015419288,-2.2764755770848177,3.1162206299282538,2.4720401536547043,5.865342794395075,4.992787842401976,-4.345883533393494,3.054629835360255,2.3625493340440062,3.79088318021356
-5.5646449328438985,-0.3413466141399945,4.489146030674696,8.01954184959412,-3.4788420210299256,3.9668014159492095,0.5121572599955797,0.83575592881187,9.60475067889178,-0.1992636219428959
4.434597384276489,8.69967444782036,7.929414738930737,7.072449085507016,4.064458270986495,5.753848889122916,6.053095646833127,1.560499095861975,1.704059093657169,-0.8695590368854869
5.344324356213235,-7.278198934206531,-4.594763716693672,-2.199589642242308,5.884708714416737,7.552679951138334,-3.6016842775432245,1.4888314021511924,4.834403154015617,9.644943045075122
5.175807779236125,1.8642259781541544,0.5849384957013948,-0.6182005035503043,-0.2225085372689422,8.051854507627379,5.854500038799927,3.1740890709359726,3.803638419609225,-7.005535329424292
5.009672321914044,2.591071306132884,-1.847051245560384,3.089857741906048,8.84484628086828,4.70895054818858,-5.710096836758594,-0.8205605157028921,4.212056583569141,7.183228370550284
-1.7295236165413412,2.699838048664983,2.8202391182376254,5.423908495005936,4.902032065907532,-1.6558027651717897,6.809002159453114,6.510713422483335,4.636996504945814,8.03862205239904
9.253659041112074,6.384178791829928,4.339615858952298,-2.9192486829065816,0.6778490567422546,2.1766553515137472,9.95350340265257,2.354324277194276,-5.048717877170599,4.708625071283566
0.4473970784402914,-7.595858252332839,3.0761636958606435,2.385497160382633,2.401693542090974,6.820077291475607,-0.8604033088511874,-4.5746986577135385,0.2647417913216304,9.434970410945237
0.0349050642350221,2.5393407270737747,3.2604742137177207,6.373889222130067,2.2141046317432544,-5.162920439764988,0.9086119340517802,2.2730772309624534,4.348272551469731,9.688948732083182
1.894906238129868,3.72564098736694,7.54670602169991,-3.568441399199144,2.5295777269056936,0.9768188387626228,1.3794696970357094,5.642264315452768,7.424717832783011,-5.242402217737369
-2.6502536167263324,7.859124196413647,2.350154586031725,-1.9556326581613876,1.9306514628534448,10.901235223861448,2.4741353455428525,-1.8632744792702065,-1.2363473806706524,-0.7681901894862561
4.0245569538443,6.62873875800013,-2.499712321562831,-0.2986595345573649,-3.133958194166317,8.718567113049716,5.564082303465434,-1.9138091703800453,2.8733779477823544,3.80075173273636
-0.571954604004921,-1.6462439966284923,-0.4854510185748353,2.764015928761636,8.44850416037381,1.2537060396279935,-5.292073084678251,0.7567250249021263,0.8173289223047577,10.429774448411395
-1.5022941717741365,4.570931378705525,8.398684518780515,2.3505637218567936,-1.1637148117620968,-3.4348404377745823,1.406184450928465,7.460523295611969,7.829935022432141,2.180081689094474
-2.6652968659645144,4.522755637489077,6.139779790625628,-1.2463416093923776,6.568608472322848,5.1963277084125785,2.3138153069750853,7.280577839624621,-4.17303470390139,-1.2203516162191168
10.302179281415128,8.922638566075898,5.769411448341927,3.722454091733741,4.402504692819524,3.0004697380606795,1.050440136567684,4.384328220827361,3.730951367445565,6.588916815646933
1.6877822693259852,0.9737854355961332,1.9740610101208813,7.616229261559145,7.135575002634092,0.8585460523637141,5.067560219138352,11.639733518081853,-4.0532836257252844,-8.531247127186269
1.7974091437476734,12.22649231901616,4.172742709708869,-1.9278492859067584,-2.983795235148229,-0.1200356632210322,6.804751989492116,-5.249316769581977,-0.6999485612529837,-4.775048269560656
-4.168408139242463,9.06071512328598,3.364160162145496,-2.108187698558263,1.8782410880765812,4.10806507805124,8.573009936803253,2.052029010737385,-2.115425435835148,-1.0351241687294503
4.7802984814333245,5.939272487511332,-2.684625534873145,-1.6986733621517385,-2.802866836884188,9.12393589926265,-0.998235049146274,-1.3939016903272738,1.0095727908147696,4.798513191090218
-3.408477163565317,-1.6993761196088857,-0.5238042568648825,2.255091494841611,6.435127022125586,6.729378280342421,-3.338617275426872,1.484902119677615,3.500188494119532,7.959728731658218
-0.9142614113102776,0.6924738826003755,8.07504919663691,5.404556878456543,-3.4094384033820484,-2.739318457147756,0.7406683435028102,1.5567505401845183,7.945246651692003,-2.092006155445817
3.877860605029461,7.994538202877367,-4.101111357245984,-3.583646999288973,1.0218581258424866,2.345962223939492,3.5392093063915606,6.707957059770989,3.556016516198415,-1.655744342459979
5.396019506110861,1.9823288791220104,-3.248199541147571,1.3900310692894584,11.229391513781332,5.335161992260068,-2.266335731183874,-0.5116420131473244,-0.8752472413287735,0.6001292870032828
1.32129674056098,-1.988731928927003,2.278724702541429,1.5338038639919864,10.754403559600629,-0.3177457047834814,-0.5421734011212849,2.0218233187828605,6.113885370447805,5.59539582447072
1.1545215523970842,2.2428531267732867,5.52543740157141,6.9398579676887655,-4.594680229841489,-0.8427212328055355,-0.5964129716322735,9.390947600206772,-0.4112161433029336,-4.136678540910182
8.775009845002103,3.487947195323726,-2.551720333014999,-3.813130214269256,0.158558591075713,0.9029158903812452,6.588662421183766,2.321230413869332,-4.3425013451109695,2.6422024456153803
9.0005843828298,-0.6702418550722191,0.265459418820316,0.9294907960034268,2.1365333232486954,4.843147638462785,5.386256369953383,-2.379992714733799,3.518067361942891,4.251282188144513
-4.4278801593676,3.258592811805405,4.673528701302847,8.742681982771902,4.542176282864687,-2.13649629571176,0.1259259208242055,0.7415150216841129,4.372690496515425,7.304600573542512
0.8328974077497003,-0.6503427602709219,11.542194543425843,0.4754903028463751,1.07247278470597,0.9438942281909354,3.157162172555847,6.839464757361822,2.3463391440360883,-4.136540210320053
3.5782142631259037,9.026752709133897,2.1953561256801724,-4.702397171298452,2.864143491838405,8.997331449459567,1.9131837285197344,-3.714505554136933,-1.758935957282339,-0.0571235118010467
5.904093252623897,-0.5397494615726103,-3.848663183228459,0.8504182166032996,9.648453315174166,3.128571058497842,-3.880223506623914,3.9612540754418486,4.494054607306526,3.759734405108872
-2.2632430500371807,0.6432711163442327,1.6876175170614822,2.3472662368167976,9.402595283371824,-0.7260319977522774,0.2406237649118214,0.783790800831077,9.83894094749337,-1.095555668277304
1.582494422969333,9.472183075181984,6.943075259627476,0.2435188927095324,-1.2961609663125244,-1.187402809047225,1.6837419406699037,9.270719732903691,-1.4496908785090663,-2.4482700405017725
8.6459132546132,-3.0680053251783885,-5.844098393245817,0.2762442605913019,3.473239679789756,5.665328355754902,6.883491993406,3.5233778939503018,-1.3503120017595571,3.883463029004344
1.7497030034504886,-3.1653055811612294,2.209235435048856,12.012447747434909,4.521656948458303,-2.291767182537612,-3.280975457288521,0.851042869214493,1.500774103656319,5.321516237098838
-2.3507421651417197,2.8065418617046167,5.16615701825495,10.943618254906106,-0.7604867757361982,1.6216137223660774,1.2695599026804028,2.410695364241167,5.896301693170914,2.806804334678403
1.140402326133353,3.684294094953746,8.356669631589458,-4.73419751855901,1.626146970609483,1.050339366424608,10.540209507777195,2.155312096656015,-2.7753363511025704,0.2501306893935684
7.47274033566761,0.7808519323087058,-3.545353151428706,-0.0695505222856677,-0.5237950545202389,10.437423085450842,-2.707401776164924,1.2345352373467795,0.6946473516410597,4.412318988336766
-4.324240165496328,-0.4485407947462882,0.5164217156039261,4.180329092365287,8.914279126614762,7.202302181952583,-2.476397598204185,2.777118526244827,7.028804839744975,1.904014321371304
4.1378017109251575,5.4558482242763295,5.558347654349316,4.440072586347596,-6.268549357317825,-2.376227569267446,-1.291641049782236,4.809282454917212,6.855986443271948,-1.7934082445399755
5.515498596710392,3.4156379825935974,-3.188589284646037,5.84770526721725,1.704384084596107,2.1486665891090397,4.187059949199608,8.362384309525723,7.463671485499166,1.634222207853356
7.857866057389125,2.336918203033352,1.0720224092936812,7.181090740029633,12.988939273179202,2.33226413725796,2.6674589677974905,1.6595543152639844,-3.230169016066425,0.7588778200267984
6.515411873523122,13.10527077120415,1.825403215777484,2.680090161178897,-3.2984447033776187,-2.829893155474677,3.7769271154417288,4.7038280545910025,-5.889391519132492,-0.8448010371544168
3.967121803163351,13.90749567856001,2.379704990819836,2.403580462058887,0.1467697945126127,1.7420832580000964,4.27899403657158,0.593165021812978,-4.304024972410259,-0.6477328479037656
5.085315458160198,13.01803654522342,-0.514590814453984,2.5363244512618066,5.444468729570944,4.6660031346246935,-0.1895654156282253,-1.666312631452202,1.8524687397199635,2.3223776636137905
-6.435324196379751,-3.0375522469137723,-1.0217773082074948,-0.0743748452442548,9.780652550774857,1.753961188252911,2.1117046176074727,3.078222248534421,6.64139674772607,7.127568718342976
2.112539437309737,2.429981522707615,3.066797907420218,6.901310586910966,8.300026922363418,-3.3575099732091416,0.8035029574315466,5.783302318709593,-0.2828150302820573,-6.355565294108935
2.7925353073184307,6.595306218190566,4.486490383936424,-6.264490689980958,2.760371020199078,0.1258895141012295,-1.3378447383733674,7.006992643504736,3.551235975974016,1.7096092423630411
5.317959496387775,1.6246750866566553,-5.621510344551669,1.665027938228412,4.229712550854433,8.017571763798166,8.153935809861538,1.8353411127213703,-0.7477589935348685,0.6861909258787952
1.413666633145899,-2.5246666511972866,2.6656330861926527,2.4236141125251547,5.869291657309086,4.518278239407958,-4.57070446737858,5.105942803873908,9.060870153672628,2.8294461948338845
-1.7422493369312564,1.4584683925495232,5.772058347845879,5.939201979417458,-4.368519487479862,-0.053695332274525,0.594089813871138,1.2795681676093156,11.255608090174148,1.5632083072675431
0.2947621612555979,7.726054263037105,0.7944837491812613,-4.799406390578979,1.0503627814614211,1.5071692146535884,7.069327349759934,6.105041399387615,-5.919365913867583,-1.1685175811288104
4.617536240266729,4.605650390516854,-2.56669711461375,3.854353434133796,6.662705859796397,4.3666651694320775,-1.006161596328955,-5.100798735839641,2.024984986696945,3.253008316430609
4.208493486336721,-4.083473053531334,2.0426432125301743,6.144832687428375,6.577108739118363,-1.277389160473742,5.866480473541661,1.2624050769512274,0.894557579676632,5.954441179950803
-0.709127204997329,0.5699225485022608,-0.1220804876113666,7.719951491237955,6.629598230935468,0.3485937110259948,7.487557901458762,8.677737486204865,0.3521987592982594,4.0993620859593385
8.327637577722259,2.0260545563113634,6.341452372924651,10.18731088181988,-1.1613441169500596,1.7092701280418503,8.767393487066144,3.145658796753108,-0.8868168300839966,6.443433751848944
10.417867548882493,-2.721580011305096,6.07281194525208,1.0577688398248446,-3.84596452158173,-3.736094724190455,7.81937199421869,6.530060624763742,1.364924252723551,8.680297426801015
5.749805379611647,10.114316231000744,2.9038400542891987,-4.416792760107398,1.4341932577514478,-0.1792963897829004,-1.5979253658486436,7.297382823328862,6.922623523541774,-6.072175898296825
-3.5053073911455743,4.415509665934908,11.92355129522895,1.0582665914311702,3.1413469969577226,3.4276550948561715,4.317830692684415,4.584741779650295,-3.630774969340904,3.257400840658353
12.997716521060314,2.6249340218955584,-3.775986398180493,-1.4140237399751807,2.834614065786869,8.829548283806682,-2.142868782178828,0.7371401108502219,-0.0308962709261201,5.037933029354635
-3.6363718721449394,-3.051859263909242,-2.7398411447536484,7.081552056642206,10.275623853247913,0.8955154706577547,1.0299081634437983,5.444285285177657,7.964069550010806,-3.28934694964442
2.444709725831768,2.955028526392536,-0.4905028359743666,0.7837402370664938,12.047593127783744,5.845078677997046,0.2526504329154949,4.361178206127047,-5.669582988796195,0.1620002803021002
5.094851049337014,1.6366798483671985,1.2413014809376843,5.109262824865371,8.441109531589875,-5.161623966129552,2.4018901783458,9.0663543495985,5.634324189000864,2.679565452257659
6.521184082689097,10.198354502020784,0.3345834365997649,1.4943008647163207,-2.554723558577645,1.0788311779936872,-4.644021886995652,0.8329985808557855,9.634271944815984,2.081685016011084
-0.0117969675120119,6.444405301564793,6.284238014591331,4.372716517131274,2.718522560772467,-0.1826243075978501,-1.324402667020856,-1.1752827251236362,4.0668583723314455,12.44980400326992
-6.886577326104844,3.616446476067272,7.961469793649744,2.1273398912925776,1.5338381876936418,2.62892359105413,2.557493955822766,4.0441339479202005,9.935491338798172,8.50486701724505
0.4446833693224321,0.1427771805758449,6.062131676095866,8.953664255762554,-0.2026780069404401,5.208970348760365,8.230992028109071,-6.1896179034961,0.4968606223803033,-4.515445368129541
-0.7229330649532023,5.0408505336096985,10.040511758803913,-2.329359271394841,0.5304599748968778,6.970784498892335,3.187108256066659,-0.2610563835872946,7.02301675732381,8.790494217279376
-1.319244771298398,6.847503821080274,1.1264684550657602,-7.501210389144804,-4.118574098835034,7.632388734857415,7.627785240353911,1.733071658752091,8.57608155769938,2.699958271396901
4.508013108618905,6.06237158719239,-0.3216349769855925,4.553110280941638,-2.4492799447584304,-0.9444133457705256,-3.4899237128110623,10.029562679235688,5.835195792145258,2.086751468007761
4.267546968791226,11.39976610551992,0.9542589310676186,4.3220650957946445,3.789888111442584,3.788002751782869,6.185890828099212,8.651036612619613,-0.7860008933146871,-2.0978589163353
2.7352173439018914,14.211166184000248,1.9070258264253896,1.808740286249296,9.005446271601919,1.1932265536655295,-4.558118101284063,1.975440314944438,-0.4663964923662844,-0.1249563557567108
8.363068973181191,0.1451021549691398,-4.831174464871406,2.725348999980927,8.562348125113559,-2.5828004912298024,4.328593096394287,8.035117418547387,5.014348667230633,5.740923096164338
3.295995558622833,-1.2839433819574186,2.464225623153834,6.745065788517834,14.00090183384066,7.20652366433345,-3.740303418194875,3.7748616659849006,0.3125513506873394,2.317790179475382
-0.0727197859615523,2.601513370753472,6.316486827820331,0.0194603615223131,-8.474320141663194,6.989236346699675,4.36547058195873,1.210333368060387,7.805871919168043,4.663309151438892
5.276905228115999,3.8317598880360606,-0.5053413581218108,-4.4377559304699306,2.923538959084239,6.320168662711129,7.986160352123386,4.921747219284587,-4.749583161876874,4.737394454731568
8.66961940129522,-0.6768575581573376,2.5076244936415013,0.5776854300983203,0.201243234763834,8.522646538050665,-3.5953468296834883,-2.100772875092237,-1.0477605176652351,2.422239439282038
3.276175222919291,-0.5290685371773637,3.300441883660095,6.505649883097189,6.554807517295659,3.3612788182202977,0.4796138131232976,5.444422441334063,9.238258369253264,6.685881438231406
-0.8896818731334092,9.016407160816618,7.621803112915769,-2.7234824091054115,-3.939682526908936,1.259436074017522,4.775869578134033,8.167666747460876,-5.024240972830199,-3.5982690829992987
7.648441985576883,-0.6701999067619402,-6.295386256000274,0.589734384510282,-1.1234148752770023,2.713747919435653,5.750910446431386,-5.089541548540154,0.8072715028704541,-1.277478003487601
-6.07258190020315,0.4073408458567362,-0.0491140593921716,3.0571850065728445,5.332862017921705,5.013131213399349,0.1558688638428811,-0.5874701986749588,3.965377257430194,6.7390642160215215
-1.89083405039978,-0.1204852060488897,10.781989790921273,2.9816180313489853,-3.918941116686247,1.0363375137919228,1.0344991264255994,2.5806406209501485,6.31854214014812,-0.986616928160059
2.1843936130912507,7.267018160229797,4.042113634873115,-4.613389524862476,3.754896623369508,7.005126437679074,6.472476790612179,1.818987628948474,-2.6364715669090817,-0.2293457684583157
6.197795872244287,1.1644615794728432,-3.9912280768111783,2.87025196450537,6.270524927429073,7.78230149593047,-4.213637798134302,1.03028847333432,1.1986824335667126,3.81965165228067
-5.106032924963151,1.5654929971954443,1.327385512294896,2.4262266097446483,8.196933280770212,-2.279936768865395,2.6320179912680186,1.5750147496108249,7.535901685179342,2.313639103812376
0.7257728002564019,1.3269174855588295,6.931178039451172,6.976043205122104,-3.1406709707845564,0.6496556725238108,5.219556275266327,5.410186668098779,-5.730512220499157,2.6156360578804576
9.359747475933249,3.3823174060178607,-5.403433377111421,0.2421866944838454,-0.2305045655918156,-1.264607829682691,7.279029869285613,0.6686128772866256,-1.2536897793158337,0.2241157414519388
8.782544047644471,-0.8515279381751953,3.7483899401374257,4.747012566444045,5.407998743362257,6.032172157595444,3.889842859977082,-2.0632668891628096,1.735936889516846,3.5821047508210477
-0.6183013622165915,-1.218765423330319,3.425459446204044,11.144215823386856,-3.267931925992448,2.92418856836333,2.8410170038625515,1.951326384388283,4.536879897696515,9.249850873939645
-2.073998728111845,-1.2270434549573672,6.886095761463044,10.543053621800413,0.3578358731547354,6.464658616449611,10.686908300910847,-0.4000565253298447,2.3012749131904155,-0.1350813961916657
-2.1113808949565325,0.4817061075020199,6.587053711737763,14.19714516691996,-2.2137143922758784,3.0105993596787664,5.186070988971836,3.269743494223828,6.682266741311445,0.8920341828616538
2.412824388996911,4.9322202983929495,7.148111235879558,-5.217928400752771,-0.5029279527394642,-5.749572893103414,10.895155949796814,6.622358287041637,-2.027016865184504,1.3146727756796046
8.514052467774764,0.0936038328377493,-4.529220667221505,-0.5371975766497677,-0.3058787884458048,9.060628994518478,-2.364486950287016,-5.352257741368362,1.393517923120127,-0.6684098622550828
1.15942542475016,-2.234359668690634,3.6674853687996896,6.565018915173179,5.464333882437924,5.761546375522874,-0.0266788387824486,4.777423194856005,7.822872358975122,4.343823382615854
3.523970209772008,8.151548199457242,6.8648636537498415,4.399484107666123,-5.28963580759729,2.2297655254852566,2.21169512246342,7.93461673543293,0.9642863382648112,-4.203454905698117
6.978036313647368,3.837640687303901,-6.762218429032043,4.650215211643908,1.720317870829517,0.3375231628159837,6.269852976398766,-0.0695399995452714,-4.305161765869497,0.4087138354948937
6.711460724466364,-2.611728166320158,1.0350571100830075,-0.0017941334100538,8.63096810886907,3.952994739259584,-4.646321914872985,0.2325069191020196,1.9228880074196772,3.3111219294071663
-3.844925568679052,0.9556142815535772,3.1172487372280027,7.621001343849284,-4.6012530216163405,-1.9296131160395635,0.230194291161374,2.7445078220629107,6.09819304990495,4.765489498645707
0.44832294712746,1.655335091795225,6.587102446537423,-1.7245027565196975,-2.194536666258477,-0.5385226611463414,8.037584752404562,4.1244824380771234,-4.320718300735954,-1.2222480237365412
5.060649827864339,6.418986787343965,-0.7966588685478367,-1.1560009227139032,3.1428051049082706,7.425577748225942,0.4760885725291267,-5.072909951477446,1.6222570396896028,2.080857722581733
-1.2707659885319376,-3.5778513805189744,1.3000977171312096,2.330214243605484,5.719105184995308,1.003886043748345,-3.935107135167063,2.2821916397147644,8.036168155038919,5.89270898950878
2.2733512064967805,1.420669862803879,2.780077086213216,6.367373922995809,0.2652092223778391,-2.7098818910501654,2.029359466655414,5.490412322172538,6.497676951420583,-4.1986167690686935
1.868572493071864,9.627294065403822,0.6485868043470682,-3.0165758311000044,-0.150567048145408,1.0245965441683018,4.440167563466206,5.950128719108575,-3.887931695816491,1.6520126698871818
8.72489234248409,-2.847192846367196,-1.7212303754340794,0.1234474147028336,6.557491864939598,6.379869567149417,-0.1158849199506661,-2.76617907939557,0.1767825039066997,0.5634066803890094
3.1248549662838903,-0.979527800547772,4.5046396360308245,8.54771965764047,-2.0206700106075552,-3.376998596669883,-0.728911533962941,0.3755126156864219,4.70442349162686,7.925713948146707
-2.99166759049241,-1.0928310287316885,7.25308195389966,0.177500000719432,-3.023084437448642,2.3984468054254204,9.751042519607129,5.583094080303881,2.894944519313476,-2.094798031738469
1.9888746073471737,1.7179477535671162,7.543964782604855,1.075951880581226,-1.735768358990856,-0.6923614767683745,10.872630058846882,-0.5081404326890266,0.9578816780944742,2.329862910819545
9.682887016859036,1.4377497009010431,-1.2337363836974624,-0.8270333285691281,2.3925538261029837,6.891313251548583,8.57678033280702,-3.6513802445844767,0.4335385610105011,3.973356739403828
1.93527002427894,-4.018183948912352,2.519527546698556,10.58630158523422,2.852272150123149,-1.957906113418828,-4.705328746137434,2.433034707008077,2.279042012442108,6.35645014400184
-3.604637589925647,2.661027280205265,6.97989945007222,8.29112024000776,-3.1876163378706672,1.975961158940299,0.1395999018262115,0.52496929850837,6.251709673479985,1.8233569022848823
1.3205156173812271,3.0917695173465805,8.498811599502355,-3.205524300119114,1.3515077569275558,2.5262624846132464,9.764510114463445,3.306462536237396,-2.1650638973561573,-0.8555737022794083
7.165366886256305,3.672786975010756,-3.1698855448209207,-0.8393430012669665,0.0112762305076887,10.09728839693991,-3.923880752691781,1.1634544454660314,1.060969022461577,4.716622709400045
-2.830973803487777,-0.6561674876312958,0.3686719637558736,2.619394620162336,7.163461141435409,10.985510820275078,1.4128407477223677,3.559136502997867,7.510593939411416,-0.505095839919616
5.425559155761782,8.001433089625904,5.858377255028236,5.3901204235919264,-2.777643192127533,-6.145634609851877,-0.2782296532494349,3.918768200994752,7.186082126197383,0.7979504557202021
-4.308228263484386,6.231524305948115,1.4331762493864493,2.9315981495908976,0.4262687191223514,0.9988046522623872,-0.3374454012745771,0.0218076542788947,9.381832893165594,9.717354297200702
1.3622339016099436,4.39374775208369,8.777796274883569,0.1662142834140925,5.363160759751308,7.979334514802758,3.076626860373898,4.892863302922008,4.181687826756487,-6.208163393497401
-1.3665228695058231,2.2921710271958924,13.776782705000173,6.113071257308917,3.7207177431767,5.467705980276488,-0.5470582219162101,5.01783247528198,0.789714973672567,-1.7430104699588755
3.0459437361040926,6.721390556990225,8.544455805215197,-5.883422425309744,4.422538079833119,9.08539509610085,4.7336712434954205,-3.470387085310467,1.039184149786096,1.876253623762656
0.9912830911992668,-6.051290797935363,-0.4359655990184897,0.9232165137931772,-2.438286595103317,7.903156416610104,6.479328199956936,-3.3215646315393283,2.383002345728712,8.77726222807933
7.899513078250435,0.8600973533940909,2.3634458520763824,4.5824351927223095,5.815525726463189,2.1397832054331363,-4.651460543415548,2.749436853575344,-1.523982785516154,7.01612111839629
-6.357142626976999,1.1598197400864196,3.2580955969309,8.095820409203496,-2.379699306786633,2.7612436646351046,0.1132252748854084,1.4010041673276932,8.551371562766494,1.4059330418162308
2.4141955274597104,6.878143514879698,7.773604081505182,6.424390713336635,2.358201286436964,6.199794189524539,7.0329222904181,0.2513747905236231,0.6226298217197229,-2.947342666916482
7.056213025004976,3.5091900277887884,-6.717862390586907,1.222102398055099,-0.899823317911467,9.581914359826898,0.5438956607294957,-0.2879885590113741,4.172999741738081,7.645373079472612
-4.716775338780573,5.678632140921216,3.326111669525303,0.6242160725233686,3.970067487886312,8.947013205153988,-0.4360746555902279,3.352388354531618,8.293921434008535,-2.108391210528203
-1.5466997423754227,5.9512214513028665,11.95351726894116,3.0670739787891903,3.257845185145882,4.001116389855053,1.4285441378692665,5.310110149774206,-0.7435879133472661,-5.679490939143081
0.2744263265416016,-0.7057854566892412,11.940549427832568,3.2457233972514565,-3.5637599050377817,5.597084436617094,5.963728237553605,-3.7334630021932247,0.0803762185399669,2.27502536777482
2.718201585215548,3.800314680232544,7.776800408329506,-2.899103194445043,3.993122958977632,7.447383432449604,1.1293015687985644,-2.214314011555436,2.769495597574433,9.262235462059218
-6.681551799590782,1.827940354569024,7.020284525488672,6.545059983090314,3.729357967664051,0.6427517417611699,-3.204464899437406,0.8197024198232641,10.83408894322207,5.343109503897767
1.7156812793564606,-1.206054220937009,1.840992007304538,9.230313912508972,3.482893691030505,5.077423784462612,1.3851551635821695,1.4902342532381698,10.784342446747308,2.016905052675218
3.198975087369182,8.92269071227096,7.679423353062513,2.815776505821984,-5.707569605291361,2.118651867555521,4.15144570284217,8.916016584185725,0.7258250368358601,-4.222220990162112
8.186623997553806,0.3579240894311132,-7.400993572130929,3.3084151229897465,2.501160995330214,0.5886242421139488,6.09002192800377,-0.1639699726387762,-4.770182832552159,-0.6173119783528495
8.541607884230158,-0.558313623527046,1.1311013079494274,1.0976162112855086,6.085582241210058,4.853895942977993,-4.32745741522171,0.1095900514570211,2.3296039653931544,3.2822631158622326
-5.130313671385683,1.76074418192292,3.661365295637733,7.487585521524938,-3.1477074946378814,-1.8067626006212911,0.4310071384338087,0.7790841279863068,5.614855556238227,6.211155374947879
0.8489439332091478,-0.4854486432708815,8.071056890057886,-0.4206975438572741,-1.6332456927880168,0.2940725275794035,6.717993786362007,6.084107787330341,-2.175440275929932,-2.9479822928994
4.269751935811515,7.722651752712662,2.7166418990630885,-2.400688946253349,3.181118557461273,6.357785070342735,3.406785704441235,-4.986750834225926,1.0463559885754037,0.931435816998082
1.2029346896301936,-5.300371695012378,0.9230007685361804,0.6885840424331084,4.591827098548396,5.107892263928988,-3.5165414835905726,3.3348335024908726,6.047535418999597,7.197148211936505
4.040366135906916,0.9154153727776022,0.8901653707476174,4.669815711658653,5.615880221907063,-2.7198239902722983,1.1950717544630998,2.2292701962723567,9.436868127532716,-0.7579783724585563
4.639149254577996,10.01224858993776,2.77059245050385,1.92577720784186,-1.0465280032909603,-0.3196186350890241,0.7379629777491615,10.092651985418918,3.395462380797702,-2.7835348615190623
9.142296890717846,7.8368929319665535,-3.366791310336394,3.696936087043309,4.291688175234179,4.651256083484553,6.634372163394985,1.951007761407157,-4.426459312509007,2.244867212596538
9.677922491666456,-0.6957015593643521,-1.0683289698894924,-3.740876751074614,8.26280528008368,2.3306205868498835,-4.977503121415329,2.9548193099130966,1.674678917297589,0.1586789472041557
-5.484327351041251,0.3891621047424959,4.065769572068954,6.964753087689206,2.8361288073993527,-4.379539968559707,0.9328757555136742,1.155694970932439,9.023111691103788,4.405138544142739
2.8813063903805283,6.808083148330145,4.534566249247167,0.6644383945912277,-3.756923456273863,2.435621511113134,7.280517988289702,4.797719100790357,-1.4703997943373672,-4.393681028769698
1.058675196078068,8.296660027978358,-0.8221952921221378,-1.785547889612207,0.9362870817644144,3.1116554128149163,8.121347425083473,-1.9205372087210424,1.6132968249987312,1.0780556375648764
0.721498829669926,-1.050311719711516,-1.1275447188244807,2.257139277562496,8.483075686694999,4.80516108099359,-2.610710948690372,-0.0818153066617289,3.985542619246746,10.346302674275517
-1.2790395992553594,5.3761633891957095,10.815960855148996,1.896548719318197,0.0509159687611297,-3.258672877910616,2.790979416490585,5.659535069257553,6.928644074033153,3.597323582876857
-0.3295884707033555,5.376770828703213,8.838795045517166,1.2488595596190106,7.375828691458255,8.121602077694988,3.8359584950857375,4.447367605803642,-4.38154124050633,1.0818427412886764
12.27858157904099,3.1524323452298533,-5.162898384581413,1.6391081678160475,7.516812621308433,2.911514299009613,-0.9951176841093946,4.9824682453434646,5.682841296641759,6.837693896335199
9.6714585932439,3.656414195733803,0.1309442372724134,-0.5320424184034418,5.952311725866714,6.769210687749614,0.1432407299719265,5.368692910701807,7.4955541329496835,-4.2824918221640935
0.8993101903716796,-3.720083830398553,1.947890500392353,0.3259879752034761,4.981353556952764,12.224030822508489,4.479202746276823,6.076112945702967,9.129976837701792,1.4096943716712484
3.5156850986186825,4.070467638988477,6.718809269413012,10.467527537616604,-3.816004167276026,-7.769801179606581,-0.7240979098315432,1.380841866502806,8.57600837783736,3.0196101788737084
-0.0099882914099328,6.144389765887808,-3.1212329908460337,-5.595770060623907,-0.0613134141551367,-0.2639329157520178,0.5456688918774812,0.0993140589973162,7.014879077602416,10.561408809906071
-0.5724547435725066,8.19917653724304,4.352642395860084,1.7976233599962224,2.853190124521723,3.874795397536457,6.750389835212344,9.539612091789154,2.6543520797880524,-5.07516962809488
0.3070948684778403,3.925165528455528,10.088205041683947,2.5927440916730453,4.764579932370949,6.230255890057888,-6.89293772172596,3.162445249099405,-0.7281623392108434,1.1642515580225
3.9872938184246696,10.709465200012554,-1.1518930933355025,-3.720947724910923,4.765783625022429,4.509438258838877,-1.4317811957282598,3.618530035493497,9.578598478920949,1.3463670458021304
3.1342972522653687,2.904005672672274,-4.092685161358508,-0.4343852606756309,8.004272896961798,5.962205076719724,0.3698771136775223,6.075772916149675,11.8037349894765,-2.0619886906399088
7.417875028857352,-2.7831006539768643,-1.5618225611423526,-2.3497578000586854,0.320131418051985,12.297098490019607,8.26797816038793,2.6157912930651923,4.153600829694391,2.2905836014327035
-0.3530666933142591,2.0536569205077315,4.643426122249269,4.897608629028916,5.464993633718585,6.619201115540113,-6.604081681741217,2.314125801146338,0.1573848850867824,10.251983918283292
-5.682222385398365,-1.4680163630185006,11.643934624273449,-1.3961223090701065,-1.6262967525008578,3.001249106132827,-1.3801113571939398,-1.711855452863407,7.522488426303143,2.4566910621679137
3.361314258683345,-4.621884588511149,-2.193882371383882,5.924405503562222,7.4952051787889715,2.0458869611295127,1.4537743831618,2.851704167610581,7.406467306181628,-0.2841355533442332
5.3918296302971775,0.0535449952714977,1.6438554310191302,5.79228566326054,8.862082025912068,-0.1913201066045084,3.96193230123009,9.59463662862309,1.1570113999180542,-0.6833712193691412
12.513492240835587,6.064398922719716,1.668527902854437,5.089354465548072,-1.81552162724732,-0.1229866492429692,3.4799834972553803,8.09764051607265,-2.270164168647432,3.0942687072491077
12.372109130990738,4.829635230217996,1.1667180255593752,7.3488167280345,5.483254923814643,3.036922320391291,5.631685247609749,-0.1724580203056963,-3.327771409494909,-3.632489592178687
1.4341068356775597,15.086400825440338,6.086198560386796,-3.1286210615021366,5.184204620074986,2.9763514479749222,4.7942995643605615,2.2901762120900484,1.8742800605938603,-0.3947329350081697
6.867360432279213,1.324398031972729,-5.231744180383347,1.5008019847370333,13.257676433485344,-1.391892967039399,-2.955737385813757,1.1386729027426452,5.086367322752292,6.366243068106522
-1.4030525055116807,1.9940744124562964,1.1737589238812696,-1.9434046123683344,6.207608404459964,6.36745748441771,-5.569559309161718,1.8013841750642487,10.182905101955216,-5.260460968844989
6.114749474791631,-0.3293458674466372,1.4943307637898804,3.2695406367522057,5.6587567510269325,-3.4070058888303363,2.463982130897407,-5.0351772431071495,-2.652034940652187,8.17771610703971
5.709410281712636,-1.248081946487955,4.403330074868672,8.496060221517883,-2.640186842517401,1.2053934688910042,7.6493935378207745,0.5801189560988393,1.7158049103732316,6.067250934504665
0.6794447910678052,0.5370704809071848,5.594283080128948,3.2391831817878907,-5.289159716703518,-1.4458110502641188,10.835396888803144,6.906589845680446,0.8676997161847689,6.788110519604814
4.45660711883161,5.68030676021448,3.041364151354499,-2.634151968678017,3.295910605309077,-2.292528574043836,-3.510292009608285,4.398370642506108,11.238345446215716,-3.0030535612828597
-3.149892707950823,5.516756802432329,0.0603759026417172,1.3395042721448824,6.149389933076793,1.5012058690533636,1.3093646210077243,3.4145531834102947,12.663522687998585,0.6808373755503085
-5.002018647686649,2.336085361778818,10.689672502397888,3.939334771943738,4.873335018792294,4.313283351325693,4.123739573541152,4.050608501498665,-5.446497675660018,-1.341017484021097
2.2978122038397406,1.3436555483789283,9.211860226711966,3.687906879762685,-3.3102429350141214,7.020773675270166,4.095695528506641,-6.887453673671029,-0.5334965303051826,3.98242552956267
9.887656270784037,1.7855551420137543,-4.728063903705299,0.1154013669337872,-3.025766157717636,6.813542012765655,0.2192850849810479,-1.0126170056721973,-1.6599548000574524,0.2059300836990985
7.282365587839585,-2.3259958848859528,3.732490059721771,6.326267749481552,6.067943207280251,3.728516092743661,-2.215036569452108,1.2484913628937486,2.694416572816197,5.116163052205821
-3.7143386477796714,0.3205258213433469,4.152677955009728,9.491139005537631,-2.1100177441411154,3.827620706370769,2.4228114140103005,3.880067580221117,7.979233869981041,-1.355662506227171
1.5584617064137092,5.4159288631341855,10.106003541043334,5.025651875382508,0.4193412148750435,6.5649888434671295,6.52746434283925,-3.729010998618073,3.833867672781027,-0.7283813710327891
1.9902956855370928,-1.822944114868812,-1.6359611400717584,-2.339089950349672,-3.7260910885548446,6.977443704702687,3.056959169232146,-1.149486138153007,3.781303160478127,13.483593773242871
2.719052415954056,3.3416330640784957,1.1135213336203214,-0.6589725831861128,-0.3729065354188015,3.168374520365122,8.215920876950419,2.4114115965602214,4.972897208531383,12.337948779013267
1.8772083084158817,5.103844610589313,4.981009554467136,0.7742556394931368,3.666517459793591,11.911889243531276,8.293800865505114,-6.034195702805736,3.1509490445372808,5.514231534240953
-2.76707872424241,-0.34419855760893,3.572300219980942,7.378557876040229,1.509352845099727,-5.818065797816595,-3.8939697374218913,-4.375546365561219,6.0129498301600846,11.788302986598804
13.270039190718158,2.7240723300658085,1.764344195182609,-3.0676759594928424,-0.900730908433447,0.0137864825431579,1.8652394845623312,-1.635474469704835,-3.3080373975362787,1.1857045406534823
10.830855901868729,-3.2915771038505914,0.3304750204824024,0.9309671056435128,3.318801240603907,4.098815589139607,2.8620525749623225,-0.0692617579957984,1.6053811967804008,2.469909004175827
-4.4585282121298135,-0.2620265386229186,1.6810187034575133,11.727918620281748,1.6981319184702448,-0.7732420264637558,1.9770276703464835,3.82023329187564,7.010590641421355,4.595681280897745
0.0639260583115277,0.9778459373204692,5.163725754496258,9.686937839720445,-0.4814844292646125,4.4466318357544,8.683903891049503,-0.6854181376149934,-4.89232626260064,-0.4868646185658485
4.924772668362466,5.860397284483593,6.836722330060675,-3.246860045207345,-0.1049752001490681,6.125253676766245,1.4212779854985762,-4.3354708374175175,2.5421941486435644,9.25805031709596
5.706652720325689,-1.9528330951844253,8.94958652548214,5.174406435698386,0.9506411599284662,7.09621404658644,0.2594904956442521,0.7449120809609562,-0.0768320446419238,7.851894890876231
0.2392700311613197,2.649403561215571,10.857178546539322,3.733560942957712,-0.8796902426444863,7.751759211395955,5.56046392147198,0.1135674669855388,5.167965001858241,10.164963315343863
-3.6500040686269126,2.9508655427328883,11.312543513383323,-2.3216741515364143,3.422137576040784,11.205547371403188,1.1112160698250109,-1.3860221426308748,5.971320739687263,7.135190732327718
2.62206954266681,-3.780556534369645,2.5400247472417927,14.142587005374228,2.4867967260196258,3.6371073715912807,-1.0486725712998728,2.8376302046978954,8.003187024537263,-4.081052704770865
3.8565190574725534,4.254561699951308,6.812266000747653,8.477661739786257,-3.92161130699526,5.413463560035266,6.192531115236749,7.261853221348581,8.456944963729853,2.270355998432598
7.473303226502635,3.984793572227948,-6.68145005741298,4.073760699358576,1.217238311152774,0.0901298556643634,13.556918518272989,-1.373216555082221,0.1009735539701218,-0.4878896298896539
-3.6003628050714496,-3.1985843385417985,0.4237102862537724,1.3205269963585518,8.835207287573908,3.33255892706241,-8.847536369563962,2.005410901814029,3.804824116840099,7.302525564680151
-2.9028889387523007,1.9019586273332147,9.201078722498972,2.780154917820529,-2.024135503576093,-4.261160344261638,3.4152131233759984,7.601328093257554,3.4104701136279023,0.562419741826253
1.5315579286476706,4.029131104905088,8.987245071025317,-0.3907981857239933,2.57112301478971,0.3620786805740445,0.1402576451206592,8.65491750431819,0.952866637213713,-2.041579081687311
